Source Code	Target Coding Scheme	Target Code
C101089	HGNC	18037
C101092	HGNC	20893
C101096	HGNC	24224
C101099	HGNC	23438
C101102	HGNC	23445
C101105	HGNC	13590
C101108	HGNC	4880
C101111	HGNC	10783
C101114	HGNC	12453
C101117	HGNC	12851
C101121	HGNC	23019
C101127	HGNC	10879
C101145	HGNC	11506
C101149	HGNC	3050
C101152	HGNC	11249
C101155	HGNC	1709
C101158	HGNC	4947
C101284	HGNC	8980
C101287	HGNC	9841
C101291	HGNC	29034
C101298	HGNC	24358
C101301	HGNC	1734
C101307	HGNC	22944
C101310	HGNC	9476
C101336	HGNC	10050
C101341	HGNC	728
C101344	HGNC	2384
C101347	HGNC	11355
C101350	HGNC	12509
C101353	HGNC	3128
C101356	HGNC	20610
C101360	HGNC	30207
C101364	HGNC	6284
C101373	HGNC	11803
C101376	HGNC	10827
C101379	HGNC	11784
C101382	HGNC	18006
C101386	HGNC	30594
C101390	HGNC	12022
C101393	HGNC	3471
C101396	HGNC	19231
C101399	HGNC	28337
C101402	HGNC	4601
C101405	HGNC	4454
C101408	HGNC	11843
C101411	HGNC	24814
C101414	HGNC	13203
C101417	HGNC	32207
C101420	HGNC	19102
C101423	HGNC	16953
C101426	HGNC	6324
C101429	HGNC	26157
C101432	HGNC	10661
C101435	HGNC	11020
C101438	HGNC	10825
C101441	HGNC	18806
C101444	HGNC	4764
C101447	HGNC	30991
C101450	HGNC	18145
C101453	HGNC	21118
C101456	HGNC	19034
C101459	HGNC	19035
C101464	HGNC	25292
C101467	HGNC	28843
C101470	HGNC	11531
C101473	HGNC	29006
C101476	HGNC	17052
C101479	HGNC	10700
C101482	HGNC	4507
C101485	HGNC	4504
C101488	HGNC	29914
C101492	HGNC	11280
C101495	HGNC	9249
C101498	HGNC	25966
C101501	HGNC	13539
C101504	HGNC	15831
C101507	HGNC	25463
C101544	HGNC	1232
C101547	HGNC	12440
C101550	HGNC	8547
C101553	HGNC	7533
C101556	HGNC	15449
C101560	HGNC	10810
C101563	HGNC	10886
C101566	HGNC	2745
C101569	HGNC	30661
C101572	HGNC	30660
C101575	HGNC	12632
C101578	HGNC	1603
C101581	HGNC	3818
C101584	HGNC	11700
C101587	HGNC	27962
C101591	HGNC	5120
C101594	HGNC	22953
C101600	HGNC	790
C101603	HGNC	10074
C101606	HGNC	11148
C101609	HGNC	30288
C101612	HGNC	25321
C101615	HGNC	28426
C101618	HGNC	13054
C101621	HGNC	30500
C101624	HGNC	7316
C101627	HGNC	21045
C101630	HGNC	4168
C101633	HGNC	31412
C101636	HGNC	8060
C101639	HGNC	11602
C101644	HGNC	8824
C101647	HGNC	5021
C101650	HGNC	4218
C101653	HGNC	15448
C101656	HGNC	10000
C101659	HGNC	26944
C101662	HGNC	25018
C101665	HGNC	31868
C101719	HGNC	5155
C101723	HGNC	3188
C101727	HGNC	9887
C101730	HGNC	18185
C101733	HGNC	4776
C101736	HGNC	464
C101739	HGNC	7962
C101742	HGNC	7963
C101745	HGNC	19245
C101748	HGNC	4498
C101751	HGNC	18788
C101754	HGNC	13733
C101757	HGNC	12403
C101760	HGNC	7156
C101764	HGNC	921
C101767	HGNC	30022
C101770	HGNC	11757
C101775	HGNC	16028
C101781	HGNC	682
C101784	HGNC	3155
C101798	HGNC	25829
C101801	HGNC	11748
C102428	HGNC	18116
C102438	HGNC	10494
C102441	HGNC	20153
C102445	HGNC	10588
C102448	HGNC	10585
C102453	HGNC	25387
C102456	HGNC	23319
C102459	HGNC	4586
C102462	HGNC	1664
C102465	HGNC	1630
C102472	HGNC	12856
C102475	HGNC	12744
C102478	HGNC	30871
C102481	HGNC	12565
C102484	HGNC	3711
C102487	HGNC	12336
C102490	HGNC	14067
C102493	HGNC	14065
C102496	HGNC	1775
C102499	HGNC	3165
C102502	HGNC	6349
C102505	HGNC	9753
C102508	HGNC	5023
C102511	HGNC	2488
C102514	HGNC	10911
C102518	HGNC	22950
C102521	HGNC	18040
C102524	HGNC	6852
C102528	HGNC	13557
C102537	HGNC	11254
C102543	HGNC	3540
C102549	HGNC	18368
C102552	HGNC	19133
C102761	HGNC	11305
C102765	HGNC	16700
C102768	HGNC	1666
C102771	HGNC	14935
C102774	HGNC	457
C102777	HGNC	10571
C102780	HGNC	17074
C102791	HGNC	4808
C102794	HGNC	6606
C102797	HGNC	2974
C102800	HGNC	9957
C102803	HGNC	29605
C102806	HGNC	24565
C102809	HGNC	8874
C102812	HGNC	9601
C102815	HGNC	28652
C102818	HGNC	16280
C102822	HGNC	20249
C102825	HGNC	9451
C102828	HGNC	3255
C102831	HGNC	5036
C102886	HGNC	6532
C102889	HGNC	19085
C102892	HGNC	11190
C102895	HGNC	15859
C102899	HGNC	17587
C102902	HGNC	9323
C102907	HGNC	28605
C102910	HGNC	11398
C102913	HGNC	20064
C102916	HGNC	10062
C102919	HGNC	17257
C102922	HGNC	7159
C102925	HGNC	11590
C102928	HGNC	3372
C102931	HGNC	14888
C102934	HGNC	26756
C102937	HGNC	11139
C102940	HGNC	7082
C102943	HGNC	8972
C102946	HGNC	8973
C102949	HGNC	21685
C102952	HGNC	8522
C102957	HGNC	14402
C102960	HGNC	25522
C102963	HGNC	12862
C102966	HGNC	16267
C102969	HGNC	5362
C102973	HGNC	16651
C103235	HGNC	2545
C103874	HGNC	10680
C103877	HGNC	35
C103880	HGNC	55
C103883	HGNC	53
C103886	HGNC	84
C103891	HGNC	18356
C103894	HGNC	23675
C103897	HGNC	16066
C103900	HGNC	735
C103903	HGNC	18860
C103906	HGNC	23456
C103925	HGNC	429
C103928	HGNC	663
C103931	HGNC	713
C103938	HGNC	929
C103941	HGNC	3824
C103944	HGNC	4248
C103947	HGNC	10937
C103950	HGNC	56
C103953	HGNC	13635
C103957	HGNC	978
C103960	HGNC	785
C103963	HGNC	14082
C103966	HGNC	132
C103971	HGNC	130
C103974	HGNC	24040
C103977	HGNC	24041
C103980	HGNC	37245
C103985	HGNC	7856
C103988	HGNC	1549
C103992	HGNC	14333
C103995	HGNC	7413
C103999	HGNC	5232
C104000	HGNC	5233
C104036	HGNC	5210
C104039	HGNC	991
C104042	HGNC	24190
C104047	HGNC	2492
C104051	HGNC	1383
C104054	HGNC	2532
C104060	HGNC	10903
C104063	HGNC	1631
C104066	HGNC	16961
C104069	HGNC	18171
C104072	HGNC	11922
C104075	HGNC	1694
C104078	HGNC	11937
C104085	HGNC	14460
C104088	HGNC	3466
C104091	HGNC	20945
C104094	HGNC	21014
C104097	HGNC	16665
C104105	HGNC	12539
C104108	HGNC	1706
C104111	HGNC	1723
C104114	HGNC	1814
C104117	HGNC	1834
C104120	HGNC	1161
C104123	HGNC	21699
C104126	HGNC	23749
C104129	HGNC	1608
C104132	HGNC	13258
C104135	HGNC	1727
C104138	HGNC	2295
C104141	HGNC	30185
C104144	HGNC	16642
C104147	HGNC	2602
C104150	HGNC	2605
C104156	HGNC	29841
C104159	HGNC	24132
C104162	HGNC	6392
C104165	HGNC	20778
C104169	HGNC	12408
C104173	HGNC	24313
C104176	HGNC	13709
C104179	HGNC	20113
C104182	HGNC	30915
C104185	HGNC	24944
C104188	HGNC	3265
C104191	HGNC	3282
C104196	HGNC	3309
C104204	HGNC	3350
C104207	HGNC	9718
C104210	HGNC	3357
C104213	HGNC	9646
C104217	HGNC	3530
C104218	HGNC	11949
C104222	HGNC	16731
C104224	HGNC	11947
C104228	HGNC	1577
C104231	HGNC	438
C104235	HGNC	2597
C104236	HGNC	3613
C104240	HGNC	9813
C104243	HGNC	20772
C104246	HGNC	10260
C104249	HGNC	11599
C104252	HGNC	6162
C104255	HGNC	2909
C104258	HGNC	24149
C104272	HGNC	15598
C104277	HGNC	18437
C104288	HGNC	19086
C104305	HGNC	3374
C104317	HGNC	4964
C104332	HGNC	5104
C104336	HGNC	5117
C104339	HGNC	5261
C104342	HGNC	6002
C104345	HGNC	6005
C104348	HGNC	18364
C104351	HGNC	18363
C104354	HGNC	4709
C104357	HGNC	6393
C104360	HGNC	6338
C104363	HGNC	6374
C104377	HGNC	4099
C104380	HGNC	19125
C104383	HGNC	3680
C104386	HGNC	3708
C104389	HGNC	3724
C104392	HGNC	3774
C104395	HGNC	6106
C104398	HGNC	3964
C104401	HGNC	4015
C104404	HGNC	4046
C104407	HGNC	6561
C104410	HGNC	4141
C104417	HGNC	4174
C104422	HGNC	4177
C104425	HGNC	18986
C104428	HGNC	18129
C104431	HGNC	4270
C104435	HGNC	4554
C104463	HGNC	4106
C104471	HGNC	4104
C104474	HGNC	4103
C104481	HGNC	4102
C104485	HGNC	4101
C104487	HGNC	4100
C104490	HGNC	4098
C104493	HGNC	942
C104497	HGNC	6797
C104500	HGNC	6800
C104503	HGNC	9165
C104507	HGNC	18128
C104510	HGNC	6796
C104513	HGNC	6802
C104516	HGNC	11906
C104518	HGNC	6804
C104522	HGNC	28515
C104525	HGNC	6812
C104528	HGNC	13574
C104531	HGNC	26226
C104534	HGNC	18254
C104537	HGNC	4881
C104539	HGNC	14374
C104544	HGNC	6732
C104545	HGNC	11004
C104549	HGNC	19077
C104552	HGNC	11586
C104555	HGNC	5358
C104559	HGNC	18284
C104561	HGNC	7756
C104564	HGNC	7661
C104567	HGNC	7861
C104571	HGNC	7891
C104573	HGNC	17514
C104576	HGNC	30809
C104579	HGNC	8955
C104582	HGNC	8829
C104585	HGNC	8017
C104588	HGNC	8022
C104591	HGNC	1043
C104612	HGNC	6838
C104615	HGNC	6677
C104618	HGNC	23379
C104621	HGNC	6476
C104625	HGNC	6737
C104628	HGNC	6499
C104631	HGNC	4975
C104634	HGNC	7228
C104637	HGNC	6862
C104640	HGNC	1474
C104643	HGNC	21163
C104646	HGNC	16875
C104649	HGNC	7091
C104652	HGNC	21086
C104655	HGNC	6131
C104658	HGNC	4053
C104661	HGNC	3299
C104666	HGNC	31875
C104670	HGNC	7390
C104682	HGNC	775
C104685	HGNC	2550
C104688	HGNC	7001
C104691	HGNC	7804
C104694	HGNC	30650
C104697	HGNC	11980
C104700	HGNC	2559
C104703	HGNC	7531
C104706	HGNC	1460
C104709	HGNC	9816
C104712	HGNC	9817
C104715	HGNC	16369
C104718	HGNC	272
C104721	HGNC	17609
C104724	HGNC	20992
C104727	HGNC	10387
C104730	HGNC	21199
C104736	HGNC	28611
C104741	HGNC	8777
C104750	HGNC	8801
C104753	HGNC	10025
C104756	HGNC	10289
C104759	HGNC	8809
C104762	HGNC	10304
C104765	HGNC	10430
C104768	HGNC	30287
C104771	HGNC	17296
C104774	HGNC	3169
C104777	HGNC	3167
C104780	HGNC	3170
C104783	HGNC	14299
C104786	HGNC	29602
C104790	HGNC	8877
C104793	HGNC	8962
C104796	HGNC	2752
C104799	HGNC	8987
C104802	HGNC	9404
C104805	HGNC	25209
C104808	HGNC	30100
C104811	HGNC	9748
C104815	HGNC	9785
C104818	HGNC	9803
C104822	HGNC	9065
C104828	HGNC	578
C104831	HGNC	1461
C104834	HGNC	1463
C104837	HGNC	1726
C104840	HGNC	22048
C104844	HGNC	7746
C104845	HGNC	579
C104849	HGNC	580
C104852	HGNC	924
C104855	HGNC	11171
C104858	HGNC	6563
C104861	HGNC	11837
C104864	HGNC	343
C104867	HGNC	23060
C104870	HGNC	1047
C104875	HGNC	20581
C104879	HGNC	23799
C104883	HGNC	1048
C104886	HGNC	1912
C104890	HGNC	1090
C104894	HGNC	3120
C104897	HGNC	24288
C104900	HGNC	24929
C104904	HGNC	30653
C104911	HGNC	17852
C104915	HGNC	3793
C104922	HGNC	7432
C104926	HGNC	2339
C104930	HGNC	1536
C104938	HGNC	2361
C104944	HGNC	7434
C104948	HGNC	7468
C104951	HGNC	2364
C104954	HGNC	8754
C104956	HGNC	6595
C104960	HGNC	16762
C104963	HGNC	589
C104966	HGNC	8830
C104969	HGNC	10850
C104972	HGNC	9030
C104975	HGNC	4626
C104978	HGNC	2336
C104981	HGNC	19083
C104996	HGNC	18384
C104999	HGNC	10659
C105002	HGNC	10777
C105005	HGNC	10779
C105008	HGNC	10717
C105011	HGNC	8941
C105014	HGNC	10762
C105017	HGNC	29799
C105020	HGNC	11120
C105023	HGNC	11121
C105025	HGNC	28395
C105030	HGNC	10817
C105031	HGNC	14240
C105036	HGNC	32949
C105038	HGNC	17720
C105045	HGNC	19953
C105056	HGNC	21392
C105059	HGNC	10942
C105062	HGNC	11003
C105065	HGNC	11027
C105068	HGNC	11029
C105071	HGNC	10935
C105074	HGNC	10963
C105077	HGNC	13771
C105080	HGNC	11191
C105083	HGNC	15533
C105086	HGNC	11289
C105089	HGNC	20392
C105092	HGNC	11608
C105095	HGNC	18884
C105098	HGNC	15934
C105101	HGNC	11875
C105106	HGNC	14158
C105109	HGNC	12031
C105112	HGNC	11924
C105115	HGNC	17822
C105118	HGNC	18752
C105121	HGNC	11894
C105124	HGNC	3287
C105127	HGNC	7473
C105149	HGNC	5212
C105153	HGNC	23316
C105156	HGNC	5218
C105159	HGNC	11284
C105162	HGNC	25812
C105362	HGNC	613
C105372	HGNC	32119
C105375	HGNC	7808
C105377	HGNC	537
C105380	HGNC	1241
C105383	HGNC	8601
C105385	HGNC	11347
C105387	HGNC	12513
C105390	HGNC	8947
C105394	HGNC	1581
C105398	HGNC	7399
C105405	HGNC	7956
C105409	HGNC	7957
C105412	HGNC	7958
C105415	HGNC	10487
C105418	HGNC	384
C105421	HGNC	12546
C105424	HGNC	12547
C105427	HGNC	385
C105430	HGNC	10962
C105433	HGNC	5108
C105436	HGNC	5115
C105558	HGNC	12009
C105561	HGNC	2977
C105564	HGNC	3051
C105567	HGNC	11914
C105570	HGNC	13469
C105573	HGNC	12538
C105576	HGNC	12554
C105581	HGNC	14893
C105584	HGNC	14894
C105593	HGNC	14895
C105597	HGNC	12681
C105600	HGNC	15972
C105603	HGNC	14540
C105606	HGNC	11642
C105609	HGNC	9397
C105652	HGNC	21528
C105655	HGNC	26058
C105658	HGNC	6183
C105662	HGNC	7667
C105665	HGNC	4636
C105680	HGNC	6442
C105683	HGNC	28932
C105696	HGNC	13992
C105703	HGNC	19405
C105719	HGNC	21231
C105730	HGNC	2664
C105738	HGNC	10751
C105821	HGNC	5098
C105822	HGNC	5110
C105830	HGNC	3721
C105833	HGNC	24573
C105836	HGNC	838
C105839	HGNC	1044
C105842	HGNC	3227
C105845	HGNC	4096
C105848	HGNC	6763
C105854	HGNC	8896
C105857	HGNC	1394
C105860	HGNC	7764
C105863	HGNC	12541
C105866	HGNC	6517
C105869	HGNC	5286
C105872	HGNC	12008
C105875	HGNC	11050
C105878	HGNC	2025
C105901	HGNC	29450
C105919	HGNC	17470
C105923	HGNC	7
C105926	HGNC	24099
C105929	HGNC	3180
C105932	HGNC	19117
C105935	HGNC	6533
C105938	HGNC	15846
C105942	HGNC	9229
C105945	HGNC	11269
C105954	HGNC	30672
C105957	HGNC	11634
C105962	HGNC	14900
C105965	HGNC	21393
C105968	HGNC	11928
C105973	HGNC	5975
C105978	HGNC	6427
C105982	HGNC	6416
C105986	HGNC	31537
C105989	HGNC	31561
C105992	HGNC	11377
C105995	HGNC	939
C105998	HGNC	9956
C106002	HGNC	11378
C106004	HGNC	11583
C106008	HGNC	10728
C106009	HGNC	5998
C106013	HGNC	4161
C106016	HGNC	15995
C106019	HGNC	11276
C106022	HGNC	54
C106025	HGNC	3072
C106028	HGNC	11270
C106031	HGNC	603
C106034	HGNC	17241
C106059	HGNC	16098
C106062	HGNC	18591
C106065	HGNC	11220
C106068	HGNC	28583
C106071	HGNC	10447
C106081	HGNC	688
C106084	HGNC	28993
C106087	HGNC	26270
C106090	HGNC	9548
C106093	HGNC	6333
C106096	HGNC	12642
C106099	HGNC	28210
C106108	HGNC	16920
C106111	HGNC	9668
C106114	HGNC	9674
C106137	HGNC	1910
C106140	HGNC	2385
C106143	HGNC	17660
C106164	HGNC	6919
C106193	HGNC	8028
C106199	HGNC	4485
C106207	HGNC	6535
C106210	HGNC	868
C106213	HGNC	320
C106216	HGNC	18135
C106219	HGNC	18133
C106222	HGNC	28873
C106225	HGNC	9175
C106228	HGNC	20932
C106233	HGNC	9177
C106238	HGNC	9182
C106241	HGNC	9183
C106245	HGNC	18278
C106251	HGNC	9812
C106258	HGNC	9901
C106264	HGNC	9824
C106270	HGNC	5951
C106275	HGNC	8615
C106278	HGNC	9827
C106281	HGNC	21700
C106284	HGNC	14060
C106287	HGNC	14124
C106290	HGNC	12502
C106293	HGNC	11951
C106295	HGNC	12334
C106300	HGNC	12472
C106307	HGNC	12572
C106310	HGNC	20876
C106322	HGNC	11603
C106329	HGNC	6075
C106332	HGNC	10997
C106335	HGNC	10998
C106338	HGNC	12488
C106341	HGNC	22202
C106344	HGNC	6387
C106347	HGNC	3218
C106350	HGNC	16744
C106353	HGNC	10662
C106356	HGNC	18365
C106359	HGNC	16052
C106362	HGNC	16820
C106365	HGNC	21649
C106414	HGNC	33499
C106417	HGNC	812
C106420	HGNC	4847
C106423	HGNC	4137
C106426	HGNC	13408
C106434	HGNC	20038
C106437	HGNC	7883
C106440	HGNC	9498
C106443	HGNC	2865
C106446	HGNC	5956
C106449	HGNC	9171
C106452	HGNC	4165
C106455	HGNC	26937
C106458	HGNC	14263
C106462	HGNC	1105
C106466	HGNC	15973
C106474	HGNC	489
C106489	HGNC	487
C106494	HGNC	1637
C106583	HGNC	2908
C106585	HGNC	21306
C106589	HGNC	11063
C106592	HGNC	1692
C106595	HGNC	2578
C106598	HGNC	7972
C106601	HGNC	1095
C106604	HGNC	30215
C106607	HGNC	6842
C106609	HGNC	10732
C106612	HGNC	6767
C106615	HGNC	10959
C106618	HGNC	10961
C106622	HGNC	6857
C106636	HGNC	15573
C106639	HGNC	21367
C106642	HGNC	18453
C107105	HGNC	13389
C107108	HGNC	115
C107111	HGNC	7063
C107114	HGNC	2214
C107117	HGNC	13291
C107120	HGNC	1915
C107123	HGNC	17294
C107126	HGNC	29149
C107129	HGNC	6147
C107132	HGNC	3971
C107135	HGNC	7675
C107421	HGNC	30911
C107425	HGNC	6809
C107437	HGNC	4298
C107442	HGNC	11453
C107445	HGNC	2460
C107448	HGNC	4086
C107452	HGNC	16715
C107455	HGNC	4066
C107458	HGNC	786
C107461	HGNC	10922
C107464	HGNC	10925
C107467	HGNC	30521
C107470	HGNC	1818
C107473	HGNC	7969
C107476	HGNC	3312
C107553	HGNC	439
C107557	HGNC	2635
C107572	HGNC	9456
C107575	HGNC	10966
C107578	HGNC	10934
C107584	HGNC	5964
C107611	HGNC	11246
C107614	HGNC	283
C107617	HGNC	12437
C107620	HGNC	18155
C107623	HGNC	12397
C107626	HGNC	6415
C107647	HGNC	20456
C107650	HGNC	18505
C107653	HGNC	10360
C107656	HGNC	17284
C107659	HGNC	7879
C107662	HGNC	11424
C107665	HGNC	21729
C107668	HGNC	1805
C111792	HGNC	8909
C111796	HGNC	17755
C111803	HGNC	10888
C111807	HGNC	10890
C111813	HGNC	10891
C111819	HGNC	16234
C111820	HGNC	11008
C111821	HGNC	5278
C111824	HGNC	251
C111827	HGNC	18071
C111831	HGNC	252
C111832	HGNC	6693
C111836	HGNC	9402
C111839	HGNC	14466
C111843	HGNC	3390
C111845	HGNC	11761
C111848	HGNC	18044
C111851	HGNC	19412
C111863	HGNC	3071
C111867	HGNC	6430
C111870	HGNC	10698
C111873	HGNC	396
C111876	HGNC	797
C111879	HGNC	2892
C111882	HGNC	2894
C111917	HGNC	22943
C111920	HGNC	22948
C111923	HGNC	14927
C111926	HGNC	1884
C111929	HGNC	16806
C111932	HGNC	18280
C111935	HGNC	7112
C111938	HGNC	21100
C111941	HGNC	23846
C111953	HGNC	2024
C111956	HGNC	19876
C111961	HGNC	25674
C111975	HGNC	19866
C111978	HGNC	33738
C111981	HGNC	30869
C112054	HGNC	29599
C112063	HGNC	28984
C112067	HGNC	11387
C112070	HGNC	18831
C112073	HGNC	4635
C112076	HGNC	9545
C112079	HGNC	9538
C112082	HGNC	18798
C112085	HGNC	14298
C112089	HGNC	25216
C112097	HGNC	28224
C112100	HGNC	1473
C112102	HGNC	380
C112106	HGNC	23177
C112109	HGNC	9599
C112120	HGNC	4606
C112125	HGNC	6570
C112128	HGNC	3070
C112131	HGNC	7567
C112134	HGNC	7572
C112137	HGNC	6470
C112140	HGNC	11566
C112143	HGNC	12652
C112146	HGNC	6663
C112149	HGNC	3748
C112152	HGNC	6413
C112155	HGNC	24337
C112158	HGNC	24338
C112484	HGNC	31599
C112487	HGNC	8541
C112490	HGNC	29349
C112493	HGNC	12517
C112502	HGNC	2849
C112505	HGNC	7376
C112511	HGNC	7984
C112514	HGNC	7943
C112823	HGNC	5112
C112830	HGNC	2314
C112838	HGNC	9755
C112868	HGNC	12875
C112871	HGNC	8826
C112874	HGNC	2705
C112877	HGNC	5381
C112880	HGNC	5329
C112891	HGNC	934
C112894	HGNC	933
C112897	HGNC	19246
C112900	HGNC	28707
C112903	HGNC	8624
C112907	HGNC	15924
C112916	HGNC	24953
C112920	HGNC	11200
C113082	HGNC	6889
C113087	HGNC	16390
C113108	HGNC	29884
C113111	HGNC	28116
C113115	HGNC	4462
C113118	HGNC	15768
C113123	HGNC	12010
C113128	HGNC	23214
C113131	HGNC	25126
C113134	HGNC	30880
C113138	HGNC	18536
C113141	HGNC	23572
C113158	HGNC	1142
C113166	HGNC	5208
C113218	HGNC	16952
C113222	HGNC	12640
C113225	HGNC	12735
C113228	HGNC	16877
C113231	HGNC	31630
C113234	HGNC	29401
C113253	HGNC	6375
C113256	HGNC	14601
C113259	HGNC	727
C113262	HGNC	2464
C113265	HGNC	259
C113270	HGNC	6623
C113274	HGNC	28506
C113277	HGNC	19129
C113280	HGNC	28636
C113283	HGNC	23510
C113286	HGNC	14198
C113291	HGNC	24662
C113300	HGNC	6694
C113306	HGNC	25139
C113310	HGNC	7532
C113313	HGNC	9223
C113316	HGNC	2654
C113319	HGNC	11002
C113322	HGNC	16484
C113325	HGNC	1441
C113328	HGNC	71
C113520	HGNC	7050
C113523	HGNC	5713
C113527	HGNC	11049
C113528	HGNC	24574
C113532	HGNC	1380
C113535	HGNC	18396
C113538	HGNC	8010
C113541	HGNC	14963
C113544	HGNC	18990
C113548	HGNC	1944
C113549	HGNC	12555
C113553	HGNC	10738
C113556	HGNC	9205
C113559	HGNC	30367
C113562	HGNC	10967
C113565	HGNC	25588
C113568	HGNC	26439
C113571	HGNC	23097
C113574	HGNC	30072
C113577	HGNC	31911
C113580	HGNC	3363
C113583	HGNC	2296
C113586	HGNC	3754
C113590	HGNC	9958
C113593	HGNC	17190
C113596	HGNC	19687
C113600	HGNC	73
C113603	HGNC	4887
C113606	HGNC	13315
C113610	HGNC	33843
C113613	HGNC	3449
C113617	HGNC	791
C113620	HGNC	2890
C113623	HGNC	4740
C113626	HGNC	9106
C113629	HGNC	8977
C113633	HGNC	12536
C113636	HGNC	4838
C113639	HGNC	957
C113642	HGNC	20389
C113688	HGNC	32979
C113758	HGNC	9475
C113761	HGNC	4765
C113763	HGNC	799
C113766	HGNC	816
C113770	HGNC	1391
C113819	HGNC	5171
C113822	HGNC	349
C113831	HGNC	3395
C113836	HGNC	19372
C114304	HGNC	2538
C114307	HGNC	30425
C114313	HGNC	14062
C114317	HGNC	6295
C114320	HGNC	360
C114323	HGNC	8821
C114326	HGNC	17794
C114329	HGNC	4404
C114332	HGNC	4403
C114335	HGNC	19663
C114338	HGNC	9401
C114341	HGNC	9199
C114349	HGNC	4389
C114352	HGNC	11767
C114356	HGNC	6887
C114362	HGNC	8974
C114365	HGNC	5213
C114368	HGNC	5217
C114392	HGNC	13538
C114395	HGNC	24255
C114399	HGNC	11487
C114402	HGNC	25413
C114407	HGNC	16356
C114411	HGNC	9107
C114414	HGNC	29116
C114417	HGNC	11720
C114422	HGNC	28115
C114425	HGNC	30580
C114428	HGNC	14472
C114431	HGNC	16511
C114434	HGNC	10884
C114437	HGNC	10253
C114440	HGNC	21698
C114443	HGNC	24499
C114446	HGNC	9907
C114449	HGNC	14219
C114453	HGNC	9848
C114482	HGNC	16404
C114486	HGNC	13632
C114509	HGNC	5724
C114512	HGNC	197
C114515	HGNC	3084
C114518	HGNC	16005
C114521	HGNC	4882
C114524	HGNC	11553
C114527	HGNC	4594
C114530	HGNC	4595
C114533	HGNC	4596
C114536	HGNC	4599
C114539	HGNC	4600
C114543	HGNC	9391
C114546	HGNC	9042
C114554	HGNC	18053
C114557	HGNC	8794
C114564	HGNC	30032
C114569	HGNC	6954
C114572	HGNC	25193
C114577	HGNC	6181
C114584	HGNC	25048
C114590	HGNC	14569
C114602	HGNC	4369
C114605	HGNC	29363
C114608	HGNC	15767
C114611	HGNC	28844
C114614	HGNC	23147
C114616	HGNC	21874
C114620	HGNC	11429
C114623	HGNC	11445
C114626	HGNC	13280
C114630	HGNC	24656
C114633	HGNC	2685
C114644	HGNC	17449
C114654	HGNC	21101
C114658	HGNC	7057
C114661	HGNC	30000
C114664	HGNC	13534
C114673	HGNC	16040
C114682	HGNC	21496
C114689	HGNC	20886
C114693	HGNC	99
C114701	HGNC	23339
C114732	HGNC	30321
C114735	HGNC	23293
C114738	HGNC	11503
C114741	HGNC	13075
C114744	HGNC	13787
C114747	HGNC	8812
C114804	HGNC	434
C114811	HGNC	10597
C114815	HGNC	14621
C114818	HGNC	14497
C114823	HGNC	11827
C114826	HGNC	20234
C114834	HGNC	18122
C114894	HGNC	11259
C114897	HGNC	11261
C114911	HGNC	7967
C114920	HGNC	21876
C114925	HGNC	8021
C114942	HGNC	2652
C114946	HGNC	25752
C114953	HGNC	3342
C114958	HGNC	4901
C114996	HGNC	493
C114999	HGNC	18801
C115002	HGNC	12011
C115005	HGNC	12611
C115008	HGNC	9400
C115011	HGNC	13721
C115014	HGNC	12698
C115017	HGNC	5295
C115021	HGNC	11007
C115024	HGNC	23093
C115027	HGNC	5395
C115065	HGNC	5099
C115068	HGNC	17175
C115078	HGNC	30579
C115081	HGNC	11838
C115084	HGNC	11840
C115114	HGNC	2389
C115167	HGNC	330
C115171	HGNC	4274
C115174	HGNC	21625
C115177	HGNC	3308
C115180	HGNC	9255
C115183	HGNC	7178
C115186	HGNC	7512
C115189	HGNC	11756
C115193	HGNC	18809
C115254	HGNC	5391
C115259	HGNC	8764
C115267	HGNC	18707
C115278	HGNC	12556
C115284	HGNC	10011
C115311	HGNC	17575
C115314	HGNC	1763
C115317	HGNC	14010
C115324	HGNC	20951
C115329	HGNC	4381
C115354	HGNC	4718
C115378	HGNC	7539
C115383	HGNC	9896
C115422	HGNC	11617
C115425	HGNC	777
C115437	HGNC	20250
C115963	HGNC	15840
C115971	HGNC	24456
C115974	HGNC	16067
C115983	HGNC	20565
C115987	HGNC	4790
C115990	HGNC	25843
C115995	HGNC	16863
C116023	HGNC	6501
C116026	HGNC	19382
C116029	HGNC	24191
C116032	HGNC	9376
C116035	HGNC	1863
C116038	HGNC	1864
C116041	HGNC	6718
C116044	HGNC	10780
C116048	HGNC	9204
C116051	HGNC	23845
C116054	HGNC	19191
C116057	HGNC	402
C116060	HGNC	11938
C116079	HGNC	25727
C116083	HGNC	1249
C116086	HGNC	25249
C116089	HGNC	3403
C116092	HGNC	660
C116099	HGNC	28678
C116273	HGNC	9061
C116276	HGNC	6493
C116279	HGNC	16846
C116285	HGNC	33510
C116294	HGNC	9237
C116297	HGNC	23805
C116300	HGNC	24212
C116303	HGNC	5122
C116306	HGNC	6865
C116309	HGNC	11187
C116409	HGNC	29
C116412	HGNC	28084
C116415	HGNC	7467
C116418	HGNC	600
C116421	HGNC	10535
C116424	HGNC	13815
C116427	HGNC	248
C116578	HGNC	16
C116581	HGNC	4330
C116586	HGNC	6600
C116590	HGNC	6764
C116595	HGNC	10576
C116604	HGNC	602
C116607	HGNC	17866
C116610	HGNC	4196
C116613	HGNC	12558
C116616	HGNC	29814
C116621	HGNC	23163
C116632	HGNC	11422
C116635	HGNC	10290
C116638	HGNC	10291
C116646	HGNC	4629
C116656	HGNC	17169
C116659	HGNC	13352
C116662	HGNC	13353
C116667	HGNC	13267
C116670	HGNC	1459
C116673	HGNC	885
C116676	HGNC	9542
C116679	HGNC	30045
C116686	HGNC	4747
C116690	HGNC	19715
C116693	HGNC	13584
C116705	HGNC	20686
C116931	HGNC	9823
C116935	HGNC	1971
C116941	HGNC	11456
C116947	HGNC	57
C116950	HGNC	6710
C116953	HGNC	3771
C116957	HGNC	26633
C116961	HGNC	8143
C116971	HGNC	2611
C116975	HGNC	16969
C116983	HGNC	12099
C116996	HGNC	2973
C116999	HGNC	17343
C117002	HGNC	17352
C117006	HGNC	44196
C117034	HGNC	10526
C117064	HGNC	31760
C117067	HGNC	11927
C117072	HGNC	18152
C117076	HGNC	23151
C117086	HGNC	19157
C117089	HGNC	3129
C117092	HGNC	2939
C117095	HGNC	16272
C117098	HGNC	610
C117101	HGNC	3606
C117120	HGNC	5834
C117124	HGNC	5747
C117129	HGNC	18509
C117133	HGNC	14875
C117139	HGNC	993
C117144	HGNC	2048
C117147	HGNC	30774
C117151	HGNC	29263
C117154	HGNC	2608
C117173	HGNC	11800
C117243	HGNC	11048
C117249	HGNC	4868
C117256	HGNC	23695
C117259	HGNC	18737
C117269	HGNC	12028
C118113	HGNC	23564
C118116	HGNC	49667
C118119	HGNC	51199
C118122	HGNC	41554
C118125	HGNC	26885
C118128	HGNC	35274
C118131	HGNC	9257
C118198	HGNC	8864
C118203	HGNC	48603
C118208	HGNC	20947
C118211	HGNC	3631
C118214	HGNC	13406
C118217	HGNC	5194
C118220	HGNC	9163
C118225	HGNC	30416
C118228	HGNC	11068
C118231	HGNC	5870
C118235	HGNC	9259
C118238	HGNC	12630
C118242	HGNC	2521
C118245	HGNC	2522
C118248	HGNC	6107
C118320	HGNC	18126
C118323	HGNC	79
C118326	HGNC	1366
C118329	HGNC	12307
C118332	HGNC	11910
C118335	HGNC	544
C118338	HGNC	21177
C118341	HGNC	16850
C118344	HGNC	30758
C118347	HGNC	29093
C118350	HGNC	9341
C118353	HGNC	28006
C118356	HGNC	2743
C118514	HGNC	3670
C118517	HGNC	15749
C118520	HGNC	3240
C118523	HGNC	18137
C118526	HGNC	830
C118529	HGNC	42400
C118532	HGNC	11958
C118535	HGNC	26125
C118538	HGNC	30024
C118541	HGNC	758
C118546	HGNC	15868
C118549	HGNC	20767
C118552	HGNC	630
C118555	HGNC	9705
C118558	HGNC	2523
C118561	HGNC	9483
C118564	HGNC	1548
C118580	HGNC	1237
C118583	HGNC	9452
C118586	HGNC	6771
C118589	HGNC	1820
C118592	HGNC	14685
C118598	HGNC	2720
C118610	HGNC	15836
C118613	HGNC	9706
C118616	HGNC	6833
C118905	HGNC	5987
C118908	HGNC	1636
C118911	HGNC	16446
C118914	HGNC	11071
C118917	HGNC	6336
C118920	HGNC	18761
C118923	HGNC	13917
C118926	HGNC	10943
C118929	HGNC	6423
C118937	HGNC	17087
C118945	HGNC	17955
C118951	HGNC	10660
C118954	HGNC	37055
C118964	HGNC	19719
C118967	HGNC	3561
C118975	HGNC	23696
C118978	HGNC	13861
C118981	HGNC	30792
C118984	HGNC	8156
C118987	HGNC	6724
C118990	HGNC	19048
C118993	HGNC	11064
C118996	HGNC	11065
C118999	HGNC	23087
C119002	HGNC	11066
C119005	HGNC	11037
C119008	HGNC	11006
C119602	HGNC	11397
C119605	HGNC	17440
C119621	HGNC	25477
C119626	HGNC	28360
C119629	HGNC	16891
C119632	HGNC	9788
C119635	HGNC	9766
C119638	HGNC	21033
C119641	HGNC	17142
C119644	HGNC	15527
C119647	HGNC	12492
C119650	HGNC	29242
C119653	HGNC	30767
C119656	HGNC	43713
C119659	HGNC	2854
C119662	HGNC	28310
C119667	HGNC	16493
C119671	HGNC	20092
C119674	HGNC	6111
C119681	HGNC	9692
C119684	HGNC	24073
C119687	HGNC	11060
C119690	HGNC	2082
C119693	HGNC	701
C119696	HGNC	18984
C119705	HGNC	28959
C119708	HGNC	25070
C119714	HGNC	1690
C119717	HGNC	25088
C119720	HGNC	18873
C119724	HGNC	21498
C119727	HGNC	24615
C119730	HGNC	597
C120049	HGNC	8988
C120052	HGNC	1936
C120055	HGNC	34434
C120058	HGNC	13610
C120061	HGNC	17084
C120066	HGNC	9534
C120109	HGNC	1084
C120291	HGNC	6146
C120564	HGNC	23533
C120567	HGNC	3604
C120572	HGNC	23145
C120578	HGNC	30085
C120594	HGNC	17013
C120947	HGNC	4414
C120950	HGNC	1683
C120955	HGNC	3679
C120966	HGNC	16935
C120976	HGNC	11895
C121115	HGNC	29984
C121144	HGNC	3285
C121489	HGNC	4708
C121492	HGNC	922
C121495	HGNC	33115
C121498	HGNC	19119
C121622	HGNC	4115
C122004	HGNC	8659
C122051	HGNC	15452
C122054	HGNC	24201
C122057	HGNC	25547
C122060	HGNC	6142
C122065	HGNC	9040
C122068	HGNC	28529
C122071	HGNC	14534
C122074	HGNC	7162
C122077	HGNC	18664
C122561	HGNC	5270
C122728	HGNC	1158
C122736	HGNC	16872
C122739	HGNC	16254
C122742	HGNC	9069
C122745	HGNC	9966
C122748	HGNC	3757
C122751	HGNC	9561
C122754	HGNC	6759
C122759	HGNC	16007
C122762	HGNC	14558
C122765	HGNC	16916
C122817	HGNC	1000
C122824	HGNC	24649
C122827	HGNC	1790
C122830	HGNC	20482
C122876	HGNC	2711
C122879	HGNC	25265
C122882	HGNC	7602
C122885	HGNC	24489
C122888	HGNC	25907
C122891	HGNC	29406
C122894	HGNC	33517
C122897	HGNC	4175
C122901	HGNC	17856
C122904	HGNC	7627
C122907	HGNC	29319
C122910	HGNC	9665
C122913	HGNC	6765
C122916	HGNC	20001
C123145	HGNC	17041
C123148	HGNC	11181
C123833	HGNC	1476
C123851	HGNC	4450
C123854	HGNC	6380
C123857	HGNC	1435
C123860	HGNC	42
C123863	HGNC	45
C123867	HGNC	16938
C123870	HGNC	10878
C123873	HGNC	18508
C123876	HGNC	4688
C124048	HGNC	3082
C124077	HGNC	18259
C124080	HGNC	44480
C124083	HGNC	5988
C124087	HGNC	11823
C124090	HGNC	12625
C124093	HGNC	23207
C124096	HGNC	18448
C124099	HGNC	30298
C124102	HGNC	26881
C124105	HGNC	1106
C124110	HGNC	24185
C124113	HGNC	25008
C124116	HGNC	11026
C124119	HGNC	5130
C124122	HGNC	5127
C124125	HGNC	10924
C124235	HGNC	16472
C124238	HGNC	15605
C124241	HGNC	6605
C124244	HGNC	2097
C124247	HGNC	14120
C124255	HGNC	30035
C124266	HGNC	6161
C124848	HGNC	2682
C124876	HGNC	4886
C124879	HGNC	30620
C124882	HGNC	4888
C124891	HGNC	4963
C124903	HGNC	4937
C124910	HGNC	17992
C124913	HGNC	8009
C124918	HGNC	21749
C124921	HGNC	163
C124924	HGNC	9681
C124927	HGNC	10555
C124933	HGNC	12666
C124936	HGNC	12649
C124941	HGNC	2671
C124944	HGNC	16873
C124950	HGNC	445
C124953	HGNC	25402
C124956	HGNC	23334
C124963	HGNC	17983
C124981	HGNC	18648
C124984	HGNC	6971
C124987	HGNC	6120
C124990	HGNC	10915
C125100	HGNC	18360
C125107	HGNC	30764
C125110	HGNC	12733
C125113	HGNC	6855
C125165	HGNC	6843
C125168	HGNC	29435
C125171	HGNC	23111
C125174	HGNC	29259
C125181	HGNC	19097
C125184	HGNC	1932
C125198	HGNC	9405
C125212	HGNC	18216
C125215	HGNC	6839
C125259	HGNC	25997
C125262	HGNC	17274
C125265	HGNC	3118
C125269	HGNC	20653
C125445	HGNC	8881
C125448	HGNC	9647
C125463	HGNC	23689
C125466	HGNC	15782
C125469	HGNC	17761
C125490	HGNC	8795
C125496	HGNC	9414
C125499	HGNC	5363
C125504	HGNC	6834
C125524	HGNC	18607
C125527	HGNC	16051
C125535	HGNC	9556
C125552	HGNC	3030
C125573	HGNC	7594
C125576	HGNC	23573
C125579	HGNC	8504
C125583	HGNC	30377
C125586	HGNC	13233
C125589	HGNC	2452
C126124	HGNC	26838
C126127	HGNC	7212
C126130	HGNC	22949
C126133	HGNC	24225
C126136	HGNC	29091
C126424	HGNC	4715
C126434	HGNC	1987
C126454	HGNC	24187
C126459	HGNC	9651
C126467	HGNC	7641
C126471	HGNC	3332
C126474	HGNC	3242
C126486	HGNC	8038
C126494	HGNC	8831
C126501	HGNC	1656
C126504	HGNC	18538
C126507	HGNC	14629
C126510	HGNC	11185
C126513	HGNC	28449
C126516	HGNC	4682
C126523	HGNC	9787
C126526	HGNC	2773
C126541	HGNC	2911
C126544	HGNC	4077
C126547	HGNC	4439
C126550	HGNC	4440
C126553	HGNC	4444
C126556	HGNC	4443
C126564	HGNC	13017
C126569	HGNC	4205
C126572	HGNC	14311
C126575	HGNC	24324
C126578	HGNC	1087
C126581	HGNC	40049
C126584	HGNC	7828
C126589	HGNC	10249
C126592	HGNC	29890
C126596	HGNC	17928
C126600	HGNC	28400
C126603	HGNC	24098
C126606	HGNC	29302
C126609	HGNC	29088
C126612	HGNC	20362
C126615	HGNC	1167
C126618	HGNC	1510
C126624	HGNC	29127
C126627	HGNC	24614
C126630	HGNC	37214
C126633	HGNC	166
C126636	HGNC	28164
C126759	HGNC	17019
C126762	HGNC	1808
C126765	HGNC	4741
C126775	HGNC	10250
C126778	HGNC	13433
C126783	HGNC	11085
C126786	HGNC	11086
C126789	HGNC	11087
C126951	HGNC	3336
C126957	HGNC	1248
C126960	HGNC	7090
C126963	HGNC	6446
C126966	HGNC	8498
C126969	HGNC	5978
C126972	HGNC	288
C126978	HGNC	6953
C126981	HGNC	1780
C126984	HGNC	2603
C126987	HGNC	5229
C126990	HGNC	3029
C126993	HGNC	20253
C127000	HGNC	4284
C127003	HGNC	4555
C127007	HGNC	4894
C127010	HGNC	14866
C127014	HGNC	5586
C127017	HGNC	14897
C127020	HGNC	29618
C127023	HGNC	6925
C127131	HGNC	32830
C127137	HGNC	9843
C127140	HGNC	6983
C127151	HGNC	9844
C127843	HGNC	7968
C127846	HGNC	8148
C127850	HGNC	8592
C127853	HGNC	8743
C127856	HGNC	10894
C127859	HGNC	11016
C127864	HGNC	11117
C127869	HGNC	11118
C127876	HGNC	14170
C127883	HGNC	11132
C127886	HGNC	30619
C127889	HGNC	11277
C127892	HGNC	20376
C127895	HGNC	11782
C127898	HGNC	11802
C127902	HGNC	18153
C127911	HGNC	16264
C127914	HGNC	20670
C127918	HGNC	12524
C127922	HGNC	16265
C127925	HGNC	16830
C127927	HGNC	12529
C127929	HGNC	9336
C128183	HGNC	24885
C128186	HGNC	9596
C128252	HGNC	1919
C128255	HGNC	23109
C128258	HGNC	6742
C128261	HGNC	7470
C128268	HGNC	30744
C128471	HGNC	18859
C128474	HGNC	16090
C128477	HGNC	10722
C128480	HGNC	30168
C128483	HGNC	4117
C128849	HGNC	4163
C128852	HGNC	1569
C128855	HGNC	7514
C128858	HGNC	1323
C128861	HGNC	1324
C128864	HGNC	42398
C128868	HGNC	2481
C128871	HGNC	2482
C128875	HGNC	2719
C128878	HGNC	3389
C128882	HGNC	6122
C128885	HGNC	4617
C128927	HGNC	2918
C128930	HGNC	32806
C128935	HGNC	7750
C128942	HGNC	7419
C128945	HGNC	20606
C129018	HGNC	6329
C129037	HGNC	6330
C129040	HGNC	6331
C129043	HGNC	6510
C129046	HGNC	712
C129050	HGNC	1550
C129053	HGNC	386
C129056	HGNC	3065
C129059	HGNC	6731
C129063	HGNC	1604
C129066	HGNC	1605
C129079	HGNC	10012
C129082	HGNC	10538
C129085	HGNC	19256
C129262	HGNC	9075
C129267	HGNC	10404
C26418	HGNC	12155
C26419	HGNC	12027
C26420	HGNC	12252
C26421	HGNC	12271
C26422	HGNC	5477
C26423	HGNC	5853
C26425	HGNC	5715
C38959	HGNC	3207
C45688	HGNC	12014
C49348	HGNC	125
C49349	HGNC	186
C49350	HGNC	990
C49351	HGNC	995
C49352	HGNC	483
C49353	HGNC	7634
C49354	HGNC	590
C49355	HGNC	586
C49356	HGNC	591
C49357	HGNC	3401
C49358	HGNC	592
C49359	HGNC	593
C49360	HGNC	13516
C49361	HGNC	983
C49362	HGNC	13702
C49363	HGNC	9031
C49364	HGNC	576
C49365	HGNC	9035
C49366	HGNC	949
C49367	HGNC	9036
C49368	HGNC	959
C49369	HGNC	989
C49370	HGNC	994
C49371	HGNC	9037
C49372	HGNC	1050
C49373	HGNC	30038
C49374	HGNC	1051
C49375	HGNC	9039
C49376	HGNC	1085
C49377	HGNC	17904
C49378	HGNC	16637
C49380	HGNC	17098
C49381	HGNC	9056
C49382	HGNC	6766
C49383	HGNC	9066
C49384	HGNC	3701
C49385	HGNC	6813
C49386	HGNC	3788
C49387	HGNC	6846
C49388	HGNC	29570
C49389	HGNC	4852
C49390	HGNC	4853
C49391	HGNC	4854
C49392	HGNC	14063
C49393	HGNC	9108
C49394	HGNC	30932
C49395	HGNC	14068
C49396	HGNC	952
C49397	HGNC	14064
C49398	HGNC	936
C49406	HGNC	1058
C49407	HGNC	2747
C49408	HGNC	17228
C49409	HGNC	9949
C49410	HGNC	9950
C49411	HGNC	9948
C49412	HGNC	10898
C49413	HGNC	12791
C49414	HGNC	5164
C49415	HGNC	8048
C49416	HGNC	9228
C49417	HGNC	3064
C49418	HGNC	3069
C49419	HGNC	16077
C49420	HGNC	992
C49421	HGNC	9281
C49422	HGNC	5185
C49423	HGNC	6943
C49424	HGNC	12003
C49425	HGNC	9314
C49426	HGNC	10896
C49427	HGNC	13466
C49428	HGNC	9315
C49429	HGNC	11692
C49430	HGNC	12383
C49431	HGNC	9316
C49432	HGNC	12386
C49433	HGNC	9299
C49434	HGNC	12394
C49435	HGNC	9300
C49436	HGNC	12797
C49437	HGNC	9303
C49438	HGNC	20418
C49439	HGNC	9308
C49440	HGNC	1131
C49441	HGNC	9309
C49442	HGNC	1148
C49443	HGNC	9310
C49444	HGNC	9311
C49445	HGNC	1725
C49446	HGNC	9312
C49447	HGNC	1729
C49448	HGNC	9313
C49450	HGNC	1736
C49451	HGNC	1857
C49452	HGNC	1722
C49453	HGNC	1770
C49454	HGNC	1771
C49455	HGNC	1772
C49456	HGNC	1773
C49458	HGNC	1774
C49459	HGNC	14002
C49460	HGNC	1784
C49509	HGNC	1785
C49510	HGNC	1786
C49511	HGNC	1787
C49512	HGNC	1788
C49513	HGNC	1789
C49514	HGNC	1791
C49515	HGNC	1578
C49516	HGNC	1579
C49517	HGNC	1580
C49518	HGNC	9644
C49519	HGNC	1582
C49520	HGNC	9645
C49522	HGNC	9642
C49523	HGNC	1583
C49524	HGNC	9652
C49525	HGNC	1589
C49526	HGNC	9658
C49527	HGNC	1590
C49528	HGNC	9659
C49529	HGNC	9634
C49530	HGNC	17493
C49531	HGNC	9666
C49532	HGNC	7107
C49533	HGNC	9669
C49534	HGNC	8729
C49535	HGNC	9671
C49536	HGNC	9690
C49537	HGNC	9673
C49538	HGNC	10773
C49539	HGNC	9680
C49540	HGNC	9682
C49541	HGNC	10901
C49542	HGNC	12401
C49543	HGNC	189
C49544	HGNC	1735
C49545	HGNC	193
C49546	HGNC	5238
C49547	HGNC	1500
C49548	HGNC	5246
C49549	HGNC	1499
C49550	HGNC	1318
C49551	HGNC	1331
C49552	HGNC	1503
C49553	HGNC	1504
C49554	HGNC	1505
C49555	HGNC	1506
C49557	HGNC	1507
C49559	HGNC	1508
C49560	HGNC	1509
C49561	HGNC	1511
C49706	HGNC	2529
C49707	HGNC	2527
C49708	HGNC	2535
C49709	HGNC	10610
C49710	HGNC	2537
C49711	HGNC	2547
C49712	HGNC	10611
C49713	HGNC	3590
C49714	HGNC	10612
C49715	HGNC	8568
C49716	HGNC	6359
C49717	HGNC	20453
C49718	HGNC	10613
C49719	HGNC	6363
C49720	HGNC	10615
C49721	HGNC	6364
C49722	HGNC	195
C49723	HGNC	10616
C49724	HGNC	217
C49725	HGNC	13202
C49726	HGNC	10617
C49727	HGNC	7154
C49728	HGNC	10609
C49729	HGNC	7157
C49730	HGNC	7160
C49731	HGNC	7155
C49732	HGNC	7166
C49733	HGNC	7173
C49734	HGNC	7175
C49735	HGNC	10619
C49736	HGNC	7176
C49737	HGNC	9051
C49738	HGNC	10620
C49739	HGNC	10621
C49740	HGNC	10622
C49741	HGNC	10623
C49742	HGNC	10624
C49743	HGNC	10625
C49744	HGNC	10626
C49745	HGNC	10618
C49746	HGNC	10627
C49747	HGNC	10628
C49748	HGNC	10630
C49749	HGNC	10632
C49750	HGNC	10634
C49751	HGNC	10635
C49752	HGNC	2499
C49753	HGNC	10647
C49756	HGNC	10637
C49758	HGNC	10638
C49759	HGNC	10672
C49761	HGNC	10639
C49762	HGNC	10640
C49763	HGNC	4602
C49764	HGNC	4603
C49765	HGNC	4604
C49766	HGNC	10642
C49768	HGNC	10643
C49770	HGNC	7098
C49771	HGNC	8861
C49773	HGNC	9240
C49774	HGNC	2432
C49778	HGNC	2434
C49781	HGNC	2438
C49784	HGNC	3415
C49785	HGNC	3766
C49786	HGNC	2014
C49787	HGNC	5962
C49789	HGNC	5966
C49790	HGNC	5973
C49791	HGNC	5977
C49793	HGNC	5980
C49796	HGNC	5981
C50373	HGNC	9052
C50374	HGNC	9491
C50375	HGNC	9495
C50376	HGNC	11344
C50377	HGNC	11876
C50378	HGNC	12629
C50379	HGNC	12631
C50380	HGNC	1094
C50381	HGNC	4458
C50382	HGNC	11986
C50383	HGNC	11989
C50384	HGNC	11990
C50385	HGNC	11992
C50386	HGNC	11993
C50387	HGNC	3569
C50388	HGNC	17023
C50389	HGNC	1542
C50390	HGNC	16712
C50392	HGNC	6848
C50393	HGNC	18795
C50394	HGNC	12475
C50395	HGNC	12766
C50396	HGNC	12840
C50397	HGNC	240
C50398	HGNC	8109
C50812	HGNC	389
C50813	HGNC	15472
C50814	HGNC	433
C50840	HGNC	451
C50875	HGNC	2861
C50876	HGNC	2867
C50878	HGNC	3012
C50879	HGNC	4057
C50881	HGNC	5013
C50883	HGNC	5211
C50885	HGNC	5215
C50886	HGNC	6052
C50889	HGNC	6053
C50891	HGNC	6664
C50893	HGNC	7436
C50894	HGNC	7872
C50895	HGNC	7873
C50897	HGNC	7874
C50898	HGNC	7875
C50899	HGNC	7876
C50900	HGNC	2874
C50902	HGNC	29838
C50903	HGNC	9208
C50904	HGNC	9604
C50905	HGNC	9605
C50924	HGNC	5983
C50925	HGNC	5986
C50926	HGNC	5990
C50927	HGNC	10451
C50928	HGNC	5991
C50929	HGNC	5992
C50930	HGNC	10452
C50931	HGNC	11180
C50932	HGNC	11346
C50933	HGNC	11285
C50934	HGNC	6001
C50935	HGNC	6011
C50936	HGNC	11708
C50937	HGNC	6014
C50938	HGNC	12015
C50939	HGNC	6016
C50940	HGNC	6018
C50941	HGNC	6023
C50942	HGNC	6025
C50943	HGNC	6029
C50944	HGNC	12435
C50946	HGNC	12442
C50947	HGNC	12805
C50949	HGNC	1424
C50950	HGNC	2869
C50951	HGNC	3594
C50952	HGNC	6596
C50953	HGNC	626
C50954	HGNC	7097
C50955	HGNC	3148
C50956	HGNC	8506
C50957	HGNC	3512
C50958	HGNC	30092
C50959	HGNC	3513
C50960	HGNC	30743
C50961	HGNC	3515
C50962	HGNC	11925
C50963	HGNC	3516
C50964	HGNC	3518
C50965	HGNC	11926
C50966	HGNC	5157
C50967	HGNC	11931
C50969	HGNC	11934
C50970	HGNC	11935
C50971	HGNC	6343
C50972	HGNC	11936
C50973	HGNC	10645
C50974	HGNC	10646
C50975	HGNC	16931
C50976	HGNC	11141
C50977	HGNC	587
C50978	HGNC	17889
C50979	HGNC	882
C50980	HGNC	3433
C50981	HGNC	3434
C50982	HGNC	3435
C50983	HGNC	3436
C50984	HGNC	3437
C50985	HGNC	3438
C50986	HGNC	3511
C50987	HGNC	3588
C50988	HGNC	4055
C50989	HGNC	12833
C50990	HGNC	6601
C50991	HGNC	7127
C50992	HGNC	7128
C50993	HGNC	7325
C50994	HGNC	7326
C50997	HGNC	7327
C50998	HGNC	7329
C50999	HGNC	7652
C51000	HGNC	8125
C51001	HGNC	270
C51002	HGNC	9121
C51003	HGNC	9122
C51004	HGNC	9413
C51005	HGNC	9820
C51006	HGNC	9826
C51007	HGNC	11824
C51008	HGNC	17008
C51009	HGNC	12269
C51010	HGNC	12270
C51011	HGNC	12814
C51012	HGNC	12828
C51013	HGNC	12829
C51014	HGNC	12830
C51015	HGNC	12831
C51016	HGNC	7892
C51017	HGNC	9238
C51018	HGNC	12530
C51019	HGNC	4432
C51020	HGNC	4433
C51021	HGNC	17104
C51022	HGNC	18062
C51023	HGNC	4552
C51025	HGNC	1819
C51026	HGNC	4632
C51027	HGNC	4445
C51028	HGNC	4638
C51031	HGNC	9662
C51032	HGNC	15928
C51033	HGNC	913
C51036	HGNC	1804
C51038	HGNC	1695
C51041	HGNC	4641
C51042	HGNC	4821
C51043	HGNC	5275
C51044	HGNC	2228
C51045	HGNC	2979
C51046	HGNC	10761
C51047	HGNC	12441
C51048	HGNC	7646
C51049	HGNC	7858
C51050	HGNC	4923
C51051	HGNC	1937
C51052	HGNC	1991
C51053	HGNC	2704
C51054	HGNC	3942
C51055	HGNC	946
C51056	HGNC	2900
C51057	HGNC	2903
C51058	HGNC	7219
C51059	HGNC	7220
C51060	HGNC	7221
C51061	HGNC	76
C51062	HGNC	77
C51063	HGNC	19297
C51064	HGNC	1079
C51071	HGNC	2363
C51072	HGNC	2766
C51073	HGNC	2444
C51074	HGNC	3655
C51075	HGNC	4931
C51076	HGNC	3657
C51077	HGNC	6378
C51078	HGNC	4840
C51079	HGNC	14582
C51080	HGNC	6564
C51081	HGNC	6171
C51082	HGNC	7315
C51083	HGNC	6190
C51084	HGNC	9623
C51085	HGNC	6192
C51086	HGNC	543
C51087	HGNC	6193
C51088	HGNC	2016
C51089	HGNC	13518
C51090	HGNC	6906
C51091	HGNC	3018
C51092	HGNC	14323
C51093	HGNC	12669
C51094	HGNC	12672
C51095	HGNC	12674
C51096	HGNC	24011
C51097	HGNC	17195
C51098	HGNC	317
C51099	HGNC	546
C51100	HGNC	890
C51101	HGNC	947
C51102	HGNC	950
C51103	HGNC	9611
C51104	HGNC	15550
C51105	HGNC	1442
C51106	HGNC	1471
C51107	HGNC	9612
C51108	HGNC	24368
C51109	HGNC	400
C51110	HGNC	9617
C51111	HGNC	1628
C51112	HGNC	1057
C51113	HGNC	3697
C51114	HGNC	1641
C51115	HGNC	3955
C51116	HGNC	1643
C51117	HGNC	4037
C51118	HGNC	1653
C51119	HGNC	6524
C51120	HGNC	1639
C51121	HGNC	1662
C51122	HGNC	6735
C51123	HGNC	1681
C51124	HGNC	11283
C51125	HGNC	1682
C51128	HGNC	1678
C51129	HGNC	1688
C51130	HGNC	1696
C51131	HGNC	1700
C51135	HGNC	1707
C51136	HGNC	1711
C51148	HGNC	1753
C51151	HGNC	1748
C51152	HGNC	1762
C51153	HGNC	1764
C51154	HGNC	3595
C51155	HGNC	5344
C51156	HGNC	5345
C51157	HGNC	12841
C51158	HGNC	11719
C51159	HGNC	11940
C51160	HGNC	8975
C51161	HGNC	8976
C51162	HGNC	8978
C51163	HGNC	5346
C51164	HGNC	6141
C51165	HGNC	6148
C51166	HGNC	8981
C51167	HGNC	6149
C51168	HGNC	8984
C51169	HGNC	8997
C51170	HGNC	6152
C51171	HGNC	8998
C51172	HGNC	6155
C51173	HGNC	9416
C51174	HGNC	6156
C51175	HGNC	10437
C51176	HGNC	6158
C51177	HGNC	10481
C51178	HGNC	6207
C51179	HGNC	289
C51180	HGNC	290
C51181	HGNC	6210
C51182	HGNC	391
C51183	HGNC	7656
C51184	HGNC	7994
C51185	HGNC	392
C51186	HGNC	8823
C51187	HGNC	10718
C51188	HGNC	393
C51189	HGNC	10720
C51190	HGNC	646
C51191	HGNC	10721
C51192	HGNC	795
C51193	HGNC	1014
C51194	HGNC	1097
C51195	HGNC	1782
C51196	HGNC	1925
C51197	HGNC	16627
C51198	HGNC	2154
C51199	HGNC	2451
C51200	HGNC	2457
C51201	HGNC	24676
C51202	HGNC	4543
C51203	HGNC	4544
C51204	HGNC	4545
C51205	HGNC	17031
C51206	HGNC	4616
C51207	HGNC	6112
C51208	HGNC	6113
C51209	HGNC	6465
C51210	HGNC	6514
C51211	HGNC	6515
C51212	HGNC	6613
C51213	HGNC	6859
C51214	HGNC	6860
C51215	HGNC	6872
C51216	HGNC	6873
C51217	HGNC	6874
C51218	HGNC	6875
C51219	HGNC	6876
C51227	HGNC	8949
C51228	HGNC	11217
C51229	HGNC	11529
C51230	HGNC	11771
C51231	HGNC	12663
C51232	HGNC	12724
C51233	HGNC	3541
C51234	HGNC	3544
C51235	HGNC	3546
C51236	HGNC	3551
C51237	HGNC	12726
C51238	HGNC	3338
C51239	HGNC	3508
C51240	HGNC	3555
C51241	HGNC	3556
C51242	HGNC	3557
C51243	HGNC	3559
C51244	HGNC	3705
C51245	HGNC	7199
C51246	HGNC	3560
C51247	HGNC	3973
C51248	HGNC	5034
C51249	HGNC	7590
C51250	HGNC	5141
C51251	HGNC	8590
C51252	HGNC	16061
C51253	HGNC	8749
C51254	HGNC	8816
C51255	HGNC	8986
C51256	HGNC	6878
C51257	HGNC	6879
C51258	HGNC	6880
C51259	HGNC	5461
C51260	HGNC	6886
C51261	HGNC	28868
C51262	HGNC	6528
C51263	HGNC	9077
C51264	HGNC	6569
C51265	HGNC	6612
C51266	HGNC	6616
C51267	HGNC	9380
C51268	HGNC	9381
C51269	HGNC	9382
C51270	HGNC	6715
C51271	HGNC	9393
C51272	HGNC	9395
C51273	HGNC	9437
C51274	HGNC	9829
C51275	HGNC	9833
C51280	HGNC	6734
C51281	HGNC	6890
C51283	HGNC	6973
C51284	HGNC	7000
C51285	HGNC	7372
C51286	HGNC	7408
C51287	HGNC	7854
C51288	HGNC	7885
C51289	HGNC	15943
C51290	HGNC	7886
C51291	HGNC	7887
C51292	HGNC	8634
C51293	HGNC	8638
C51294	HGNC	9046
C51295	HGNC	18039
C51296	HGNC	9586
C51297	HGNC	9701
C51298	HGNC	9892
C51299	HGNC	9894
C51300	HGNC	9902
C51301	HGNC	9903
C51303	HGNC	9928
C51304	HGNC	9935
C51307	HGNC	10013
C51308	HGNC	10019
C51309	HGNC	620
C51310	HGNC	1663
C51311	HGNC	10020
C51312	HGNC	6373
C51313	HGNC	6502
C51314	HGNC	10021
C51315	HGNC	1060
C51316	HGNC	10251
C51317	HGNC	1565
C51318	HGNC	1602
C51319	HGNC	10434
C51320	HGNC	19699
C51321	HGNC	1606
C51322	HGNC	11389
C51323	HGNC	1607
C51324	HGNC	11393
C51325	HGNC	1609
C51326	HGNC	1610
C51327	HGNC	1611
C51328	HGNC	11584
C51329	HGNC	11830
C51330	HGNC	1612
C51331	HGNC	2558
C51332	HGNC	11831
C51333	HGNC	2983
C51334	HGNC	4540
C51335	HGNC	14981
C51336	HGNC	2561
C51337	HGNC	15970
C51338	HGNC	14982
C51339	HGNC	16647
C51340	HGNC	9174
C51341	HGNC	8011
C51342	HGNC	9187
C51343	HGNC	10540
C51344	HGNC	2478
C51345	HGNC	2505
C51346	HGNC	463
C51347	HGNC	2433
C51348	HGNC	2435
C51349	HGNC	2436
C51350	HGNC	2439
C51351	HGNC	3416
C51352	HGNC	5432
C51353	HGNC	5433
C51354	HGNC	5439
C51355	HGNC	5440
C51356	HGNC	5965
C51357	HGNC	5967
C51358	HGNC	5974
C51360	HGNC	5993
C51361	HGNC	5994
C51362	HGNC	6008
C51363	HGNC	6009
C51364	HGNC	6010
C51365	HGNC	6012
C51366	HGNC	6015
C51367	HGNC	6017
C51368	HGNC	6019
C51369	HGNC	6024
C51371	HGNC	6026
C51372	HGNC	6027
C51373	HGNC	6554
C51374	HGNC	6597
C51375	HGNC	7217
C51376	HGNC	8507
C51377	HGNC	11904
C51378	HGNC	11905
C51379	HGNC	11909
C51380	HGNC	11916
C51381	HGNC	11917
C51382	HGNC	11919
C51383	HGNC	11920
C51384	HGNC	11921
C51385	HGNC	11923
C51386	HGNC	17290
C51387	HGNC	1625
C51388	HGNC	2926
C51389	HGNC	3431
C51390	HGNC	3616
C51391	HGNC	3618
C51392	HGNC	15626
C51393	HGNC	3619
C51394	HGNC	3620
C51395	HGNC	3791
C51396	HGNC	262
C51397	HGNC	263
C51398	HGNC	264
C51399	HGNC	268
C51400	HGNC	338
C51401	HGNC	277
C51402	HGNC	278
C51403	HGNC	8723
C51404	HGNC	281
C51405	HGNC	282
C51406	HGNC	8584
C51407	HGNC	8583
C51408	HGNC	895
C51409	HGNC	896
C51410	HGNC	8945
C51411	HGNC	11092
C51412	HGNC	11244
C51413	HGNC	15466
C51414	HGNC	15939
C51415	HGNC	10760
C51416	HGNC	651
C51417	HGNC	1033
C51418	HGNC	1121
C51419	HGNC	18292
C51420	HGNC	3059
C51421	HGNC	3229
C51422	HGNC	3443
C51423	HGNC	3666
C51424	HGNC	3665
C51425	HGNC	3677
C51426	HGNC	3678
C51427	HGNC	897
C51428	HGNC	1030
C51429	HGNC	285
C51430	HGNC	286
C51431	HGNC	1113
C51432	HGNC	1571
C51433	HGNC	1850
C51434	HGNC	1950
C51435	HGNC	1952
C51436	HGNC	1953
C51437	HGNC	1954
C51438	HGNC	2121
C51439	HGNC	3020
C51440	HGNC	3023
C51441	HGNC	3025
C51442	HGNC	3026
C51443	HGNC	3537
C51444	HGNC	3826
C51445	HGNC	4040
C51446	HGNC	4041
C51448	HGNC	4042
C51449	HGNC	4044
C51450	HGNC	4045
C51451	HGNC	4047
C51452	HGNC	4133
C51453	HGNC	4271
C51454	HGNC	4421
C51455	HGNC	4471
C51456	HGNC	4474
C51457	HGNC	4487
C51458	HGNC	4496
C51459	HGNC	4510
C51460	HGNC	4519
C51461	HGNC	13309
C51462	HGNC	4593
C51463	HGNC	4597
C51464	HGNC	4598
C51465	HGNC	16824
C51466	HGNC	5183
C51467	HGNC	5293
C51468	HGNC	6713
C51469	HGNC	6899
C51470	HGNC	7843
C51471	HGNC	9836
C51472	HGNC	10608
C51473	HGNC	11119
C51474	HGNC	11330
C51475	HGNC	11331
C51476	HGNC	11332
C51477	HGNC	11333
C51478	HGNC	11334
C51479	HGNC	11526
C51480	HGNC	11528
C51481	HGNC	12373
C51482	HGNC	12694
C51483	HGNC	4244
C51484	HGNC	4263
C51485	HGNC	4573
C51494	HGNC	3676
C51495	HGNC	3681
C51498	HGNC	3682
C51500	HGNC	3683
C51501	HGNC	3684
C51502	HGNC	3685
C51503	HGNC	3686
C51504	HGNC	3687
C51505	HGNC	4232
C51506	HGNC	4893
C51507	HGNC	5464
C51508	HGNC	5466
C51509	HGNC	6709
C51511	HGNC	6711
C51513	HGNC	6972
C51514	HGNC	7997
C51516	HGNC	7998
C51517	HGNC	7999
C51518	HGNC	8023
C51519	HGNC	8799
C51520	HGNC	8800
C51521	HGNC	8893
C51522	HGNC	9607
C51523	HGNC	9630
C51524	HGNC	11765
C51525	HGNC	11795
C51526	HGNC	11892
C51527	HGNC	20869
C51528	HGNC	1068
C51529	HGNC	1069
C51530	HGNC	1070
C51531	HGNC	1072
C51532	HGNC	1073
C51533	HGNC	1074
C51534	HGNC	1075
C51535	HGNC	4215
C51536	HGNC	4220
C51537	HGNC	4223
C51538	HGNC	3122
C51539	HGNC	4224
C51540	HGNC	7029
C51541	HGNC	3349
C51542	HGNC	3688
C51543	HGNC	3689
C51544	HGNC	3690
C51545	HGNC	3693
C51546	HGNC	3765
C51547	HGNC	3767
C51548	HGNC	5465
C51549	HGNC	5467
C51550	HGNC	6727
C51552	HGNC	7809
C51553	HGNC	5012
C51554	HGNC	5297
C51556	HGNC	6180
C51557	HGNC	6372
C51558	HGNC	6547
C51560	HGNC	7508
C51561	HGNC	7833
C51562	HGNC	7881
C51564	HGNC	7884
C51566	HGNC	7944
C51570	HGNC	8004
C51572	HGNC	644
C51574	HGNC	3467
C51575	HGNC	3468
C51704	HGNC	7977
C51705	HGNC	7978
C51706	HGNC	7979
C51707	HGNC	7961
C51708	HGNC	10258
C51709	HGNC	8910
C51710	HGNC	9236
C51711	HGNC	9864
C51712	HGNC	9865
C51713	HGNC	9866
C51714	HGNC	10477
C51715	HGNC	10478
C51716	HGNC	10479
C51717	HGNC	8204
C51718	HGNC	9053
C51719	HGNC	9446
C51720	HGNC	9585
C51721	HGNC	171
C51722	HGNC	172
C51723	HGNC	173
C51724	HGNC	174
C51725	HGNC	175
C51726	HGNC	465
C51727	HGNC	1076
C51729	HGNC	1078
C51730	HGNC	11772
C51733	HGNC	11773
C51736	HGNC	11774
C51738	HGNC	427
C51739	HGNC	905
C51741	HGNC	6342
C51742	HGNC	2730
C51743	HGNC	2731
C51744	HGNC	3236
C51745	HGNC	3385
C51755	HGNC	3386
C52012	HGNC	6552
C52013	HGNC	8007
C52014	HGNC	30142
C52015	HGNC	11766
C52016	HGNC	11768
C52017	HGNC	11769
C52018	HGNC	12680
C52019	HGNC	12682
C52020	HGNC	12769
C52021	HGNC	1673
C52022	HGNC	1674
C52023	HGNC	1675
C52024	HGNC	1677
C52025	HGNC	15791
C52026	HGNC	1886
C52027	HGNC	2285
C52029	HGNC	3208
C52030	HGNC	3211
C52031	HGNC	3213
C52032	HGNC	3782
C52033	HGNC	3785
C52034	HGNC	4311
C52035	HGNC	4312
C52036	HGNC	4684
C52037	HGNC	4685
C52038	HGNC	4686
C52039	HGNC	4687
C52040	HGNC	4910
C52041	HGNC	5412
C52042	HGNC	5969
C52043	HGNC	5970
C52044	HGNC	5971
C52045	HGNC	5972
C52046	HGNC	6065
C52047	HGNC	6066
C52048	HGNC	6067
C52049	HGNC	8895
C52050	HGNC	9369
C52051	HGNC	9370
C52052	HGNC	11104
C52053	HGNC	11105
C52054	HGNC	11106
C52055	HGNC	11109
C52056	HGNC	11162
C52057	HGNC	471
C52058	HGNC	944
C52059	HGNC	945
C52060	HGNC	1100
C52061	HGNC	1101
C52062	HGNC	2551
C52063	HGNC	2552
C52064	HGNC	2553
C52065	HGNC	2554
C52066	HGNC	2556
C52067	HGNC	2662
C52068	HGNC	2739
C52069	HGNC	2768
C52070	HGNC	2897
C52071	HGNC	2987
C52072	HGNC	3527
C52073	HGNC	4261
C52074	HGNC	5010
C52075	HGNC	5009
C52076	HGNC	4983
C52077	HGNC	5000
C52078	HGNC	5004
C52079	HGNC	4984
C52080	HGNC	4986
C52081	HGNC	12312
C52082	HGNC	4989
C52083	HGNC	6062
C52084	HGNC	6929
C52085	HGNC	7059
C52086	HGNC	7679
C52088	HGNC	7761
C52090	HGNC	7849
C52091	HGNC	18118
C52092	HGNC	12381
C52093	HGNC	8059
C52094	HGNC	8912
C52096	HGNC	9071
C52097	HGNC	9317
C52098	HGNC	13417
C52099	HGNC	9500
C52100	HGNC	9555
C52101	HGNC	9869
C52102	HGNC	9884
C52103	HGNC	14085
C52104	HGNC	10520
C52105	HGNC	11094
C52106	HGNC	11343
C52107	HGNC	1984
C52108	HGNC	11097
C52109	HGNC	11098
C52110	HGNC	11099
C52111	HGNC	11100
C52112	HGNC	11101
C52113	HGNC	11103
C52114	HGNC	11107
C52115	HGNC	11108
C52116	HGNC	11755
C52117	HGNC	11785
C52118	HGNC	11786
C52119	HGNC	11820
C52120	HGNC	11821
C52121	HGNC	11822
C52122	HGNC	5318
C52123	HGNC	5361
C52124	HGNC	9348
C52125	HGNC	738
C52126	HGNC	3318
C52127	HGNC	3373
C52128	HGNC	3703
C52129	HGNC	6116
C52130	HGNC	6117
C52131	HGNC	6118
C52132	HGNC	6119
C52133	HGNC	16911
C52134	HGNC	8001
C52135	HGNC	7668
C52136	HGNC	7669
C52137	HGNC	7670
C52138	HGNC	7671
C52139	HGNC	11649
C52140	HGNC	12005
C52141	HGNC	12006
C52142	HGNC	15909
C52143	HGNC	15936
C52144	HGNC	7980
C52145	HGNC	8617
C52146	HGNC	8619
C52147	HGNC	8621
C52148	HGNC	19985
C52149	HGNC	9234
C52150	HGNC	9527
C52151	HGNC	11362
C52152	HGNC	11363
C52153	HGNC	11364
C52154	HGNC	11365
C52155	HGNC	11366
C52156	HGNC	11367
C52157	HGNC	11368
C52158	HGNC	16696
C52160	HGNC	3387
C52161	HGNC	3388
C52162	HGNC	3391
C52163	HGNC	3392
C52164	HGNC	3393
C52165	HGNC	3394
C52166	HGNC	3430
C52167	HGNC	3432
C52168	HGNC	3691
C52169	HGNC	3763
C52170	HGNC	6091
C52171	HGNC	6093
C52172	HGNC	6307
C52173	HGNC	6721
C52175	HGNC	7027
C52177	HGNC	7381
C52178	HGNC	7525
C52179	HGNC	8031
C52189	HGNC	8032
C52201	HGNC	8033
C52202	HGNC	8803
C52203	HGNC	8804
C52204	HGNC	9967
C52205	HGNC	10256
C52206	HGNC	2370
C52207	HGNC	2372
C52208	HGNC	22963
C52209	HGNC	2375
C52210	HGNC	2376
C52211	HGNC	2377
C52212	HGNC	2378
C52213	HGNC	24042
C52214	HGNC	11743
C52215	HGNC	12347
C52216	HGNC	10257
C52217	HGNC	2494
C52218	HGNC	10261
C52219	HGNC	2495
C52220	HGNC	11491
C52221	HGNC	2681
C52222	HGNC	11724
C52223	HGNC	3060
C52224	HGNC	11809
C52225	HGNC	12446
C52226	HGNC	3444
C52227	HGNC	6761
C52228	HGNC	7534
C52229	HGNC	7672
C52230	HGNC	7673
C52231	HGNC	12858
C52232	HGNC	11530
C52233	HGNC	11762
C52234	HGNC	11763
C52235	HGNC	11847
C52236	HGNC	8614
C52237	HGNC	11848
C52238	HGNC	11849
C52239	HGNC	9346
C52240	HGNC	10897
C52241	HGNC	11850
C52242	HGNC	18078
C52244	HGNC	11851
C52245	HGNC	16711
C52246	HGNC	12930
C52248	HGNC	15631
C52249	HGNC	15632
C52250	HGNC	15971
C52251	HGNC	12679
C52252	HGNC	12450
C52254	HGNC	9975
C52255	HGNC	12463
C52256	HGNC	10488
C52257	HGNC	12468
C52258	HGNC	10489
C52259	HGNC	23663
C52260	HGNC	10492
C52261	HGNC	12731
C52263	HGNC	10498
C52264	HGNC	10499
C52266	HGNC	10504
C52267	HGNC	10839
C52268	HGNC	10845
C52269	HGNC	11250
C52270	HGNC	11740
C52271	HGNC	11998
C52272	HGNC	12000
C52273	HGNC	40
C52274	HGNC	47
C52275	HGNC	51
C52276	HGNC	74
C52277	HGNC	622
C52278	HGNC	1869
C52279	HGNC	4187
C52280	HGNC	5469
C52281	HGNC	5471
C52282	HGNC	5472
C52283	HGNC	5473
C52284	HGNC	17364
C52285	HGNC	5474
C52286	HGNC	5475
C52287	HGNC	1739
C52288	HGNC	8064
C52289	HGNC	8068
C52290	HGNC	9225
C52291	HGNC	1745
C52292	HGNC	10964
C52293	HGNC	10990
C52294	HGNC	1744
C52295	HGNC	10991
C52296	HGNC	24576
C52297	HGNC	10992
C52298	HGNC	11005
C52299	HGNC	6944
C52300	HGNC	6945
C52301	HGNC	6947
C52302	HGNC	6948
C52303	HGNC	11040
C52304	HGNC	43
C52305	HGNC	6949
C52306	HGNC	44
C52307	HGNC	20866
C52308	HGNC	6950
C52309	HGNC	18043
C52310	HGNC	12304
C52311	HGNC	8487
C52312	HGNC	12362
C52313	HGNC	8488
C52314	HGNC	8489
C52315	HGNC	8490
C52316	HGNC	8491
C52317	HGNC	17151
C52318	HGNC	2590
C52319	HGNC	2591
C52320	HGNC	2592
C52321	HGNC	2593
C52322	HGNC	2594
C52323	HGNC	2595
C52334	HGNC	12449
C52335	HGNC	12665
C52336	HGNC	1108
C52338	HGNC	12932
C52339	HGNC	12936
C52340	HGNC	13009
C52341	HGNC	4948
C52342	HGNC	4940
C52343	HGNC	2320
C52344	HGNC	7036
C52345	HGNC	7754
C52346	HGNC	3333
C52347	HGNC	3500
C52348	HGNC	4702
C52350	HGNC	2596
C52351	HGNC	2600
C52353	HGNC	2606
C52355	HGNC	2610
C52356	HGNC	2615
C52357	HGNC	2620
C52358	HGNC	2621
C52359	HGNC	2622
C52360	HGNC	2623
C52361	HGNC	2625
C52362	HGNC	2631
C52363	HGNC	2637
C52364	HGNC	2638
C52365	HGNC	2640
C52366	HGNC	2651
C52367	HGNC	2653
C52368	HGNC	17381
C52369	HGNC	971
C52370	HGNC	6201
C52371	HGNC	16887
C52372	HGNC	1052
C52373	HGNC	13410
C52374	HGNC	14211
C52375	HGNC	9618
C52376	HGNC	10707
C52377	HGNC	1633
C52378	HGNC	11322
C52379	HGNC	3573
C52380	HGNC	11386
C52381	HGNC	16971
C52382	HGNC	11853
C52383	HGNC	16970
C52384	HGNC	4605
C52385	HGNC	6383
C52386	HGNC	14458
C52387	HGNC	4562
C52388	HGNC	7955
C52389	HGNC	11517
C52390	HGNC	333
C52391	HGNC	4564
C52392	HGNC	894
C52393	HGNC	4565
C52394	HGNC	1437
C52395	HGNC	4566
C52396	HGNC	4567
C52397	HGNC	6125
C52398	HGNC	6126
C52399	HGNC	484
C52400	HGNC	6128
C52401	HGNC	485
C52402	HGNC	6529
C52403	HGNC	1929
C52404	HGNC	6773
C52405	HGNC	1930
C52406	HGNC	6775
C52407	HGNC	10575
C52408	HGNC	7665
C52409	HGNC	2355
C52410	HGNC	30043
C52411	HGNC	3176
C52412	HGNC	3177
C52413	HGNC	15687
C52414	HGNC	4191
C52415	HGNC	30417
C52416	HGNC	4265
C52417	HGNC	16885
C52418	HGNC	4419
C52419	HGNC	4420
C52420	HGNC	6081
C52421	HGNC	6087
C52422	HGNC	7859
C52423	HGNC	8528
C52424	HGNC	9201
C52425	HGNC	9445
C52426	HGNC	9606
C52427	HGNC	16884
C52428	HGNC	11329
C52429	HGNC	10840
C52430	HGNC	11373
C52431	HGNC	11374
C52432	HGNC	12298
C52433	HGNC	12693
C52434	HGNC	18181
C52435	HGNC	29869
C52436	HGNC	2466
C52437	HGNC	2468
C52438	HGNC	11320
C52439	HGNC	6436
C52440	HGNC	16476
C52441	HGNC	6637
C52442	HGNC	12692
C52443	HGNC	12030
C52444	HGNC	145
C52445	HGNC	12032
C52446	HGNC	4167
C52447	HGNC	12036
C52448	HGNC	7569
C52449	HGNC	12417
C52450	HGNC	12419
C52451	HGNC	12854
C52452	HGNC	2195
C52453	HGNC	2197
C52454	HGNC	370
C52455	HGNC	371
C52456	HGNC	379
C52457	HGNC	16950
C52458	HGNC	583
C52459	HGNC	24036
C52460	HGNC	681
C52461	HGNC	13209
C52462	HGNC	711
C52463	HGNC	903
C52464	HGNC	904
C52465	HGNC	937
C52466	HGNC	940
C52467	HGNC	941
C52468	HGNC	943
C52480	HGNC	2198
C52481	HGNC	2204
C52482	HGNC	2208
C52483	HGNC	19880
C52484	HGNC	3778
C52485	HGNC	7821
C52486	HGNC	4739
C52487	HGNC	7910
C52488	HGNC	11764
C52489	HGNC	11726
C52490	HGNC	1008
C52491	HGNC	11727
C52492	HGNC	1103
C52493	HGNC	11728
C52494	HGNC	11729
C52495	HGNC	24133
C52496	HGNC	1527
C52497	HGNC	11730
C52498	HGNC	1528
C52499	HGNC	11941
C52500	HGNC	1968
C52501	HGNC	1541
C52502	HGNC	15842
C52503	HGNC	11300
C52504	HGNC	17869
C52505	HGNC	1573
C52506	HGNC	348
C52507	HGNC	30727
C52508	HGNC	16876
C52509	HGNC	700
C52510	HGNC	1974
C52511	HGNC	784
C52512	HGNC	2514
C52513	HGNC	17307
C52514	HGNC	11588
C52515	HGNC	2990
C52516	HGNC	3419
C52517	HGNC	998
C52518	HGNC	3420
C52519	HGNC	1001
C52520	HGNC	667
C52521	HGNC	1066
C52522	HGNC	1535
C52523	HGNC	1539
C52524	HGNC	668
C52525	HGNC	1833
C52526	HGNC	669
C52527	HGNC	1836
C52528	HGNC	1928
C52529	HGNC	2345
C52530	HGNC	2347
C52531	HGNC	18854
C52532	HGNC	686
C52533	HGNC	16844
C52534	HGNC	2348
C52535	HGNC	687
C52536	HGNC	2350
C52537	HGNC	2362
C52538	HGNC	3113
C52539	HGNC	3246
C52540	HGNC	3321
C52541	HGNC	3325
C52542	HGNC	9839
C52543	HGNC	4646
C52544	HGNC	9840
C52545	HGNC	5173
C52546	HGNC	6407
C52547	HGNC	7007
C52548	HGNC	7227
C52549	HGNC	7989
C52550	HGNC	9854
C52596	HGNC	4647
C52597	HGNC	11543
C52598	HGNC	11544
C52599	HGNC	11545
C52600	HGNC	11546
C52601	HGNC	10446
C52602	HGNC	11535
C52603	HGNC	11536
C52604	HGNC	17303
C52605	HGNC	11537
C52606	HGNC	11539
C52607	HGNC	9855
C52608	HGNC	11540
C52609	HGNC	11541
C52610	HGNC	11548
C52611	HGNC	17300
C52612	HGNC	15828
C52613	HGNC	11542
C52614	HGNC	16963
C52615	HGNC	11589
C52616	HGNC	4650
C52617	HGNC	4651
C52618	HGNC	4652
C52619	HGNC	4653
C52620	HGNC	4655
C52621	HGNC	17271
C52622	HGNC	16954
C52623	HGNC	13652
C52624	HGNC	10885
C52625	HGNC	11551
C52626	HGNC	17298
C52627	HGNC	4664
C52628	HGNC	4665
C52629	HGNC	4095
C52630	HGNC	4666
C52631	HGNC	4667
C52632	HGNC	4668
C52633	HGNC	4272
C52634	HGNC	4273
C52635	HGNC	4549
C52636	HGNC	4550
C52637	HGNC	4380
C52638	HGNC	4384
C52639	HGNC	4385
C52645	HGNC	4387
C52650	HGNC	4390
C52656	HGNC	4392
C52662	HGNC	4395
C52665	HGNC	4396
C52672	HGNC	4398
C52674	HGNC	4400
C52675	HGNC	4897
C52676	HGNC	5144
C52677	HGNC	5419
C52797	HGNC	5423
C52798	HGNC	5438
C52801	HGNC	5448
C52804	HGNC	6021
C52806	HGNC	6040
C52808	HGNC	17020
C52811	HGNC	17967
C52818	HGNC	17428
C52819	HGNC	6768
C52820	HGNC	6769
C52821	HGNC	6770
C52822	HGNC	6772
C52823	HGNC	6840
C52824	HGNC	6853
C52825	HGNC	18157
C52826	HGNC	6866
C52865	HGNC	3446
C52866	HGNC	3488
C52867	HGNC	3489
C52868	HGNC	3490
C52869	HGNC	3492
C52870	HGNC	3493
C52871	HGNC	3495
C52872	HGNC	6871
C52873	HGNC	3749
C52874	HGNC	11241
C52875	HGNC	6877
C52876	HGNC	3498
C52877	HGNC	3801
C52878	HGNC	6881
C52879	HGNC	6940
C52880	HGNC	7038
C52881	HGNC	7110
C52882	HGNC	7765
C52883	HGNC	7773
C52884	HGNC	7797
C52885	HGNC	7798
C52887	HGNC	3796
C52889	HGNC	3797
C52894	HGNC	13718
C52896	HGNC	3798
C52897	HGNC	7799
C52899	HGNC	3811
C52900	HGNC	13388
C52903	HGNC	8759
C52904	HGNC	3819
C52905	HGNC	16861
C52906	HGNC	9588
C52907	HGNC	3821
C52908	HGNC	4170
C52909	HGNC	9842
C52910	HGNC	4568
C52912	HGNC	9875
C52915	HGNC	9876
C52919	HGNC	13735
C52920	HGNC	4238
C52922	HGNC	9991
C52924	HGNC	4318
C52926	HGNC	9998
C52927	HGNC	4319
C52929	HGNC	9999
C52931	HGNC	4317
C52932	HGNC	10727
C52934	HGNC	4930
C52936	HGNC	10778
C52937	HGNC	10848
C52939	HGNC	11350
C52942	HGNC	11805
C52943	HGNC	12034
C52945	HGNC	30698
C52949	HGNC	12303
C52952	HGNC	12363
C52953	HGNC	12566
C52955	HGNC	4648
C52957	HGNC	12657
C52958	HGNC	1806
C52960	HGNC	12658
C52963	HGNC	4612
C52964	HGNC	12659
C52966	HGNC	12770
C52967	HGNC	5056
C52974	HGNC	12771
C52977	HGNC	13829
C52979	HGNC	12775
C52982	HGNC	12776
C52984	HGNC	12778
C52988	HGNC	12774
C52990	HGNC	12780
C52993	HGNC	12781
C52995	HGNC	5100
C52996	HGNC	12782
C52998	HGNC	5109
C52999	HGNC	12783
C53001	HGNC	5128
C53003	HGNC	12784
C53004	HGNC	12785
C53008	HGNC	12786
C53010	HGNC	6593
C53013	HGNC	6594
C53015	HGNC	7391
C53017	HGNC	16364
C53019	HGNC	7838
C53024	HGNC	6204
C53026	HGNC	6205
C53028	HGNC	6206
C53030	HGNC	6473
C53033	HGNC	6642
C53034	HGNC	6776
C53035	HGNC	6781
C53036	HGNC	6913
C53064	HGNC	19970
C53065	HGNC	7010
C53066	HGNC	7132
C53067	HGNC	7134
C53068	HGNC	7135
C53077	HGNC	7136
C53080	HGNC	7138
C53081	HGNC	7139
C53082	HGNC	7545
C53083	HGNC	7547
C53084	HGNC	7548
C53085	HGNC	7555
C53086	HGNC	7553
C53088	HGNC	7559
C53089	HGNC	7650
C53092	HGNC	7784
C53093	HGNC	7785
C53094	HGNC	7786
C53095	HGNC	11469
C53096	HGNC	7788
C53097	HGNC	11470
C53098	HGNC	7795
C53099	HGNC	11556
C53100	HGNC	11557
C53101	HGNC	3017
C53102	HGNC	9113
C53103	HGNC	3019
C53104	HGNC	11633
C53105	HGNC	11641
C53106	HGNC	9212
C53107	HGNC	11742
C53108	HGNC	11744
C53109	HGNC	11751
C53110	HGNC	11752
C53111	HGNC	11796
C53112	HGNC	9213
C53113	HGNC	11799
C53114	HGNC	9954
C53115	HGNC	12428
C53116	HGNC	9955
C53117	HGNC	12593
C53118	HGNC	10471
C53119	HGNC	12594
C53120	HGNC	12687
C53122	HGNC	12796
C53124	HGNC	15513
C53126	HGNC	3189
C53127	HGNC	11205
C53130	HGNC	3192
C53132	HGNC	11466
C53133	HGNC	3214
C53134	HGNC	3257
C53135	HGNC	3258
C53136	HGNC	3260
C53139	HGNC	3261
C53141	HGNC	3277
C53144	HGNC	3293
C53148	HGNC	10082
C53153	HGNC	10298
C53154	HGNC	10303
C53157	HGNC	10312
C53158	HGNC	10331
C53159	HGNC	10364
C53160	HGNC	10368
C53162	HGNC	10402
C53163	HGNC	10416
C53165	HGNC	10420
C53168	HGNC	3249
C53651	HGNC	2710
C53663	HGNC	6150
C53960	HGNC	6160
C54229	HGNC	23168
C54233	HGNC	11632
C54238	HGNC	7782
C54256	HGNC	17800
C54257	HGNC	4021
C54258	HGNC	16914
C54260	HGNC	4112
C54261	HGNC	24859
C54263	HGNC	4166
C54265	HGNC	18007
C54267	HGNC	14373
C54276	HGNC	4332
C54279	HGNC	4333
C54280	HGNC	17099
C54286	HGNC	5156
C54288	HGNC	6341
C54289	HGNC	16783
C54290	HGNC	6572
C54291	HGNC	30588
C54304	HGNC	6658
C54305	HGNC	6799
C54307	HGNC	6801
C54308	HGNC	6934
C54309	HGNC	6935
C54310	HGNC	23357
C54311	HGNC	16982
C54312	HGNC	7060
C54313	HGNC	7124
C54314	HGNC	7133
C54315	HGNC	7137
C54316	HGNC	17040
C54318	HGNC	7226
C54320	HGNC	328
C54321	HGNC	356
C54322	HGNC	7237
C54324	HGNC	357
C54325	HGNC	16677
C54326	HGNC	16675
C54327	HGNC	7321
C54328	HGNC	16676
C54329	HGNC	7371
C54330	HGNC	15461
C54331	HGNC	7423
C54332	HGNC	24219
C54333	HGNC	13533
C54363	HGNC	7546
C54364	HGNC	30242
C54365	HGNC	15625
C54366	HGNC	30216
C54367	HGNC	18273
C54368	HGNC	30251
C54369	HGNC	973
C54370	HGNC	7993
C54371	HGNC	8029
C54372	HGNC	974
C54373	HGNC	1004
C54374	HGNC	17234
C54376	HGNC	18445
C54377	HGNC	18617
C54378	HGNC	15927
C54380	HGNC	17077
C54385	HGNC	16895
C54391	HGNC	17034
C54393	HGNC	17262
C54394	HGNC	18731
C54395	HGNC	8805
C54396	HGNC	19074
C54399	HGNC	12385
C54402	HGNC	16805
C54403	HGNC	9123
C54405	HGNC	4713
C54406	HGNC	1798
C54407	HGNC	1817
C54408	HGNC	19700
C54410	HGNC	2289
C54412	HGNC	2491
C54413	HGNC	24941
C54421	HGNC	9318
C54422	HGNC	9709
C54423	HGNC	9976
C54424	HGNC	16501
C54425	HGNC	18782
C54426	HGNC	2687
C54427	HGNC	2701
C54428	HGNC	2734
C54429	HGNC	10056
C54430	HGNC	14879
C54431	HGNC	23658
C54432	HGNC	2899
C54433	HGNC	10464
C54434	HGNC	13747
C54435	HGNC	13748
C54436	HGNC	10467
C54437	HGNC	30833
C54438	HGNC	10880
C54439	HGNC	3235
C54440	HGNC	21295
C54441	HGNC	21296
C54442	HGNC	21297
C54445	HGNC	16465
C54446	HGNC	30668
C54448	HGNC	11351
C54449	HGNC	11522
C54460	HGNC	17012
C54461	HGNC	25967
C54462	HGNC	3762
C54463	HGNC	17893
C54464	HGNC	3944
C54540	HGNC	11523
C54541	HGNC	11524
C54542	HGNC	16847
C54543	HGNC	30719
C54544	HGNC	20224
C54545	HGNC	975
C54546	HGNC	14347
C54547	HGNC	14367
C54579	HGNC	11179
C55289	HGNC	4553
C60650	HGNC	2367
C60653	HGNC	2674
C60658	HGNC	15802
C60666	HGNC	9882
C60669	HGNC	16393
C60672	HGNC	6819
C60878	HGNC	5006
C61057	HGNC	7527
C61061	HGNC	1516
C61132	HGNC	11059
C61134	HGNC	20857
C61137	HGNC	11195
C61141	HGNC	9221
C61149	HGNC	6636
C61151	HGNC	15488
C62213	HGNC	3353
C62455	HGNC	14886
C62458	HGNC	2500
C62661	HGNC	914
C62759	HGNC	4933
C62779	HGNC	4932
C63506	HGNC	13339
C63517	HGNC	27310
C63527	HGNC	20473
C63530	HGNC	24969
C64330	HGNC	9454
C68558	HGNC	16816
C68576	HGNC	9398
C68579	HGNC	6922
C68583	HGNC	7727
C68586	HGNC	1645
C68589	HGNC	17357
C68593	HGNC	11390
C68601	HGNC	3758
C68711	HGNC	11972
C68714	HGNC	6707
C68719	HGNC	26837
C68723	HGNC	12691
C68727	HGNC	435
C68731	HGNC	13176
C68735	HGNC	4793
C68737	HGNC	6006
C68803	HGNC	4235
C70585	HGNC	7105
C70615	HGNC	4944
C70992	HGNC	13825
C70995	HGNC	9343
C70998	HGNC	11630
C71001	HGNC	17003
C71004	HGNC	1316
C71007	HGNC	7733
C71019	HGNC	15582
C71022	HGNC	15451
C71260	HGNC	4951
C71262	HGNC	4952
C71264	HGNC	4953
C71266	HGNC	4942
C71268	HGNC	4938
C71418	HGNC	10774
C71420	HGNC	7871
C71422	HGNC	5224
C71424	HGNC	9045
C71426	HGNC	12801
C71430	HGNC	13013
C71432	HGNC	17582
C71434	HGNC	2207
C71436	HGNC	6526
C71439	HGNC	3179
C71441	HGNC	18673
C71443	HGNC	9449
C73122	HGNC	1685
C73128	HGNC	1691
C73441	HGNC	9891
C73444	HGNC	11825
C73447	HGNC	9546
C73450	HGNC	6348
C73452	HGNC	5022
C73458	HGNC	15986
C73462	HGNC	13830
C73465	HGNC	17880
C73527	HGNC	11801
C73533	HGNC	5476
C73543	HGNC	28917
C73546	HGNC	17101
C73549	HGNC	14620
C73552	HGNC	18271
C73556	HGNC	46
C73560	HGNC	1077
C73632	HGNC	1551
C73634	HGNC	1553
C73639	HGNC	1554
C73651	HGNC	1555
C73653	HGNC	2978
C73655	HGNC	2976
C73657	HGNC	8616
C73659	HGNC	17933
C73661	HGNC	17016
C73663	HGNC	18420
C73665	HGNC	29489
C73668	HGNC	30412
C73670	HGNC	24283
C73672	HGNC	28405
C73674	HGNC	11479
C73676	HGNC	17287
C73678	HGNC	24948
C73680	HGNC	13723
C74435	HGNC	10541
C74438	HGNC	9459
C74442	HGNC	9021
C74445	HGNC	17985
C74448	HGNC	5331
C74461	HGNC	7898
C74466	HGNC	25221
C74469	HGNC	8005
C74472	HGNC	7330
C74512	HGNC	1701
C74515	HGNC	17813
C74518	HGNC	10001
C74966	HGNC	450
C74969	HGNC	18060
C74974	HGNC	869
C74977	HGNC	886
C75014	HGNC	1133
C75305	HGNC	11411
C75308	HGNC	1917
C75310	HGNC	20626
C75314	HGNC	2186
C75317	HGNC	2200
C75321	HGNC	2928
C75323	HGNC	2714
C75327	HGNC	24650
C75334	HGNC	3327
C75337	HGNC	3603
C75391	HGNC	3519
C75394	HGNC	10820
C75397	HGNC	14294
C75404	HGNC	10853
C75407	HGNC	11111
C75409	HGNC	16421
C75412	HGNC	11592
C75415	HGNC	10847
C75418	HGNC	11776
C75422	HGNC	3775
C75427	HGNC	11868
C75431	HGNC	4823
C75433	HGNC	4824
C75436	HGNC	12496
C75439	HGNC	12768
C75442	HGNC	14881
C75454	HGNC	9834
C75473	HGNC	1092
C75490	HGNC	13875
C75493	HGNC	4172
C75496	HGNC	4173
C75499	HGNC	4289
C75503	HGNC	4837
C75506	HGNC	10882
C75508	HGNC	4916
C75517	HGNC	11204
C75523	HGNC	12340
C75528	HGNC	11311
C75535	HGNC	12872
C75543	HGNC	12874
C75547	HGNC	20393
C75550	HGNC	12873
C75555	HGNC	10889
C75566	HGNC	10274
C75572	HGNC	10457
C75577	HGNC	11164
C75581	HGNC	21637
C75586	HGNC	11425
C75595	HGNC	12810
C75598	HGNC	11654
C75600	HGNC	11199
C75605	HGNC	5389
C75608	HGNC	5961
C75611	HGNC	5996
C75614	HGNC	6188
C75617	HGNC	6121
C75620	HGNC	6211
C75623	HGNC	6294
C75631	HGNC	6654
C75636	HGNC	6893
C75663	HGNC	2357
C75728	HGNC	6990
C75731	HGNC	7095
C75734	HGNC	7716
C75737	HGNC	17043
C75739	HGNC	17044
C75743	HGNC	28862
C75746	HGNC	14287
C75862	HGNC	7905
C75865	HGNC	7960
C75868	HGNC	7976
C75871	HGNC	7983
C75877	HGNC	14234
C75880	HGNC	2567
C75883	HGNC	8512
C75886	HGNC	8574
C75889	HGNC	8620
C75892	HGNC	9005
C75895	HGNC	9008
C75898	HGNC	9086
C75901	HGNC	9118
C76141	HGNC	3528
C77119	HGNC	1957
C77121	HGNC	1964
C77123	HGNC	1959
C77158	HGNC	1759
C77164	HGNC	6138
C77166	HGNC	11036
C77203	HGNC	16400
C77206	HGNC	6063
C77210	HGNC	20455
C77216	HGNC	5382
C78138	HGNC	5154
C78142	HGNC	29079
C78146	HGNC	1705
C78149	HGNC	30685
C78152	HGNC	4035
C78155	HGNC	18618
C78158	HGNC	18219
C79077	HGNC	1712
C79079	HGNC	6388
C79747	HGNC	11194
C79757	HGNC	11963
C79763	HGNC	7464
C79768	HGNC	17360
C79771	HGNC	2515
C79774	HGNC	24308
C79780	HGNC	6059
C79789	HGNC	8822
C79792	HGNC	17068
C79963	HGNC	12405
C80018	HGNC	29012
C80021	HGNC	11571
C80024	HGNC	3126
C80027	HGNC	13177
C80030	HGNC	13178
C80033	HGNC	6551
C80070	HGNC	9831
C80071	HGNC	9832
C80079	HGNC	245
C80103	HGNC	1130
C80106	HGNC	7203
C80108	HGNC	16968
C80114	HGNC	14929
C80117	HGNC	29529
C81825	HGNC	31476
C81826	HGNC	31478
C81827	HGNC	31481
C81828	HGNC	31483
C81829	HGNC	31484
C81830	HGNC	31485
C81853	HGNC	31479
C81859	HGNC	31482
C81860	HGNC	31480
C81861	HGNC	31499
C81862	HGNC	31500
C81863	HGNC	31638
C81864	HGNC	31639
C81865	HGNC	31640
C81873	HGNC	31486
C81874	HGNC	31641
C81875	HGNC	31642
C81876	HGNC	31646
C81877	HGNC	31497
C81878	HGNC	31498
C81880	HGNC	31544
C81885	HGNC	31543
C81886	HGNC	31545
C81887	HGNC	31546
C81888	HGNC	31547
C81889	HGNC	31548
C81890	HGNC	31574
C81891	HGNC	31575
C81894	HGNC	31576
C81896	HGNC	31577
C81898	HGNC	32024
C81899	HGNC	31586
C81900	HGNC	31606
C81901	HGNC	31607
C81902	HGNC	31608
C81904	HGNC	26237
C81905	HGNC	31609
C81907	HGNC	31610
C81911	HGNC	31611
C81912	HGNC	31613
C81913	HGNC	31616
C81914	HGNC	31619
C81915	HGNC	31620
C81917	HGNC	31621
C81918	HGNC	31624
C81921	HGNC	31631
C81940	HGNC	31636
C81942	HGNC	31637
C81944	HGNC	31643
C82048	HGNC	31644
C82050	HGNC	31649
C82051	HGNC	31488
C82052	HGNC	31494
C82053	HGNC	31495
C82055	HGNC	31496
C82057	HGNC	31501
C82060	HGNC	31502
C82065	HGNC	31505
C82067	HGNC	31506
C82069	HGNC	31507
C82070	HGNC	31508
C82072	HGNC	31509
C82073	HGNC	31510
C82075	HGNC	31511
C82077	HGNC	31514
C82079	HGNC	31515
C82080	HGNC	31516
C82083	HGNC	31517
C82084	HGNC	31518
C82085	HGNC	31759
C82086	HGNC	31523
C82089	HGNC	31524
C82093	HGNC	31525
C82094	HGNC	31528
C82095	HGNC	31530
C82096	HGNC	31531
C82097	HGNC	31532
C82098	HGNC	31533
C82099	HGNC	32079
C82100	HGNC	31535
C82103	HGNC	31761
C82105	HGNC	31538
C82109	HGNC	24198
C82110	HGNC	31542
C82112	HGNC	31590
C82121	HGNC	31549
C82122	HGNC	31550
C82123	HGNC	31551
C82124	HGNC	31553
C82144	HGNC	31554
C82145	HGNC	31555
C82146	HGNC	31562
C82147	HGNC	31563
C82148	HGNC	31566
C82149	HGNC	31567
C82151	HGNC	31569
C82152	HGNC	31570
C82153	HGNC	31571
C82154	HGNC	31572
C82155	HGNC	31578
C82156	HGNC	31579
C82157	HGNC	31580
C82158	HGNC	31581
C82160	HGNC	31582
C82161	HGNC	31583
C82163	HGNC	31584
C82165	HGNC	31585
C82166	HGNC	33669
C82167	HGNC	31587
C82168	HGNC	31591
C82169	HGNC	31595
C82170	HGNC	31596
C82171	HGNC	31601
C82172	HGNC	31602
C82175	HGNC	31603
C82176	HGNC	31604
C82177	HGNC	33634
C82182	HGNC	31632
C82183	HGNC	31767
C82184	HGNC	31769
C82185	HGNC	31773
C82186	HGNC	31774
C82187	HGNC	31778
C82188	HGNC	31780
C82189	HGNC	31784
C82190	HGNC	31786
C82191	HGNC	31787
C82193	HGNC	31869
C82194	HGNC	32066
C82195	HGNC	31870
C82196	HGNC	13784
C82197	HGNC	32083
C82198	HGNC	32026
C82199	HGNC	32053
C82200	HGNC	32147
C82201	HGNC	32130
C82202	HGNC	32131
C82207	HGNC	32108
C82208	HGNC	32126
C82209	HGNC	32113
C82210	HGNC	32915
C82211	HGNC	31568
C82493	HGNC	32122
C82494	HGNC	32117
C82850	HGNC	21087
C82853	HGNC	3535
C82856	HGNC	14934
C82860	HGNC	3574
C82870	HGNC	6619
C82872	HGNC	90
C82874	HGNC	89
C82880	HGNC	8008
C82886	HGNC	2709
C82895	HGNC	17021
C82898	HGNC	7623
C82942	HGNC	2516
C82945	HGNC	3040
C82959	HGNC	14618
C82962	HGNC	3296
C84287	HGNC	19762
C84290	HGNC	6345
C84293	HGNC	5192
C84296	HGNC	19764
C84299	HGNC	17509
C84302	HGNC	492
C84305	HGNC	17057
C84308	HGNC	6189
C84312	HGNC	1703
C84315	HGNC	10436
C84322	HGNC	1667
C84325	HGNC	2771
C84375	HGNC	35428
C84408	HGNC	11569
C84413	HGNC	10887
C84418	HGNC	17362
C84430	HGNC	2095
C84435	HGNC	15514
C84438	HGNC	2334
C84452	HGNC	7787
C84456	HGNC	11515
C84462	HGNC	16063
C84465	HGNC	10461
C84469	HGNC	613
C84487	HGNC	3262
C84490	HGNC	3263
C84493	HGNC	18421
C84497	HGNC	18424
C84925	HGNC	404
C84929	HGNC	11896
C84931	HGNC	11908
C84944	HGNC	19342
C84946	HGNC	26144
C84949	HGNC	5383
C84952	HGNC	4827
C84956	HGNC	4831
C84959	HGNC	4832
C84962	HGNC	4829
C84964	HGNC	4830
C84966	HGNC	4835
C84968	HGNC	4826
C84972	HGNC	4833
C85999	HGNC	3582
C86023	HGNC	3583
C86028	HGNC	3584
C86550	HGNC	3585
C86552	HGNC	3586
C86554	HGNC	3587
C88035	HGNC	3052
C88039	HGNC	7737
C88042	HGNC	7739
C88046	HGNC	7734
C88168	HGNC	5181
C88171	HGNC	4453
C88174	HGNC	4451
C88177	HGNC	15574
C88180	HGNC	9277
C88196	HGNC	122
C88205	HGNC	12855
C88216	HGNC	13646
C88219	HGNC	6974
C88222	HGNC	23393
C88357	HGNC	2475
C88514	HGNC	25737
C88518	HGNC	25896
C88521	HGNC	7940
C88919	HGNC	4851
C88922	HGNC	1693
C88926	HGNC	11999
C88932	HGNC	14026
C88935	HGNC	25391
C88942	HGNC	23386
C88945	HGNC	24696
C88952	HGNC	3756
C88986	HGNC	2509
C88989	HGNC	19409
C88992	HGNC	6912
C88995	HGNC	10119
C89002	HGNC	24624
C89009	HGNC	19691
C89024	HGNC	32
C89029	HGNC	23713
C89050	HGNC	11009
C89718	HGNC	4379
C89722	HGNC	20872
C89751	HGNC	4656
C89753	HGNC	4657
C89755	HGNC	4658
C89757	HGNC	21157
C89763	HGNC	7181
C89765	HGNC	1778
C89767	HGNC	1594
C90032	HGNC	21174
C90035	HGNC	7657
C90041	HGNC	17642
C90095	HGNC	7562
C90113	HGNC	11138
C90129	HGNC	20297
C90137	HGNC	4855
C90140	HGNC	11033
C90143	HGNC	2261
C90146	HGNC	9822
C90151	HGNC	29858
C90176	HGNC	23842
C90306	HGNC	19254
C90309	HGNC	19367
C90312	HGNC	8607
C90315	HGNC	215
C90318	HGNC	2910
C90321	HGNC	2536
C90325	HGNC	18592
C90328	HGNC	6568
C90330	HGNC	34447
C90333	HGNC	7515
C90489	HGNC	23024
C90608	HGNC	2205
C91258	HGNC	9047
C91261	HGNC	11128
C91264	HGNC	6641
C91267	HGNC	12306
C91270	HGNC	6598
C91277	HGNC	18374
C91280	HGNC	28662
C91283	HGNC	18187
C91286	HGNC	9181
C91289	HGNC	23166
C91296	HGNC	2707
C91299	HGNC	3009
C91333	HGNC	3542
C91337	HGNC	6798
C91348	HGNC	3288
C91351	HGNC	10429
C91354	HGNC	3300
C91357	HGNC	18585
C91360	HGNC	9807
C91363	HGNC	6480
C91367	HGNC	4038
C91370	HGNC	23692
C91743	HGNC	7218
C91745	HGNC	13058
C91747	HGNC	9893
C91750	HGNC	9232
C91754	HGNC	15967
C91756	HGNC	31702
C91764	HGNC	10858
C91767	HGNC	6628
C91770	HGNC	704
C91773	HGNC	17868
C91776	HGNC	9871
C91786	HGNC	10472
C91789	HGNC	10473
C91792	HGNC	15979
C91795	HGNC	11745
C91798	HGNC	11291
C91824	HGNC	8602
C91853	HGNC	4010
C91856	HGNC	13222
C91859	HGNC	188
C91862	HGNC	17641
C91865	HGNC	7111
C92146	HGNC	2683
C92149	HGNC	11604
C92152	HGNC	30134
C92155	HGNC	6993
C92158	HGNC	6995
C92162	HGNC	6996
C92165	HGNC	6997
C92175	HGNC	3804
C92178	HGNC	783
C92468	HGNC	31645
C92471	HGNC	28467
C92473	HGNC	26171
C92475	HGNC	25568
C92477	HGNC	20748
C92479	HGNC	29170
C92491	HGNC	18022
C92494	HGNC	19964
C92497	HGNC	1552
C92500	HGNC	15937
C92503	HGNC	7853
C92506	HGNC	910
C92509	HGNC	8993
C92512	HGNC	11240
C92516	HGNC	7410
C92519	HGNC	21680
C92522	HGNC	19235
C92525	HGNC	2769
C92528	HGNC	39494
C92531	HGNC	11110
C92537	HGNC	9302
C92540	HGNC	2726
C92547	HGNC	19061
C92558	HGNC	8637
C92656	HGNC	16910
C92659	HGNC	29608
C92664	HGNC	2847
C92667	HGNC	11219
C92670	HGNC	10940
C92673	HGNC	13200
C92676	HGNC	12761
C92680	HGNC	2584
C92689	HGNC	7411
C92694	HGNC	21055
C92697	HGNC	29665
C92700	HGNC	11648
C92703	HGNC	13575
C92706	HGNC	29919
C92961	HGNC	11218
C92963	HGNC	14328
C92965	HGNC	14329
C92969	HGNC	14331
C92971	HGNC	14332
C92986	HGNC	33174
C92989	HGNC	33175
C92996	HGNC	33176
C92999	HGNC	33177
C93002	HGNC	33178
C93064	HGNC	19137
C93070	HGNC	2555
C93073	HGNC	2717
C93076	HGNC	2718
C93086	HGNC	9811
C93092	HGNC	13726
C93095	HGNC	18541
C93107	HGNC	16608
C93111	HGNC	6782
C93114	HGNC	7611
C93117	HGNC	7780
C93120	HGNC	8014
C93132	HGNC	7774
C93136	HGNC	7775
C93139	HGNC	7776
C93149	HGNC	7777
C93156	HGNC	7778
C94298	HGNC	7794
C94617	HGNC	14006
C94660	HGNC	500
C94664	HGNC	6720
C94667	HGNC	4164
C94670	HGNC	1034
C94675	HGNC	19439
C94681	HGNC	3097
C94683	HGNC	30949
C94686	HGNC	29103
C94689	HGNC	11025
C94692	HGNC	11067
C94696	HGNC	8760
C94699	HGNC	8763
C94703	HGNC	7612
C94706	HGNC	30654
C94709	HGNC	12836
C94721	HGNC	7211
C94735	HGNC	6918
C94743	HGNC	21769
C94746	HGNC	9377
C94750	HGNC	14568
C94753	HGNC	11312
C94762	HGNC	11753
C94767	HGNC	17637
C94785	HGNC	13633
C94788	HGNC	11929
C94802	HGNC	5351
C94805	HGNC	16286
C94808	HGNC	3969
C94842	HGNC	21186
C95029	HGNC	18838
C95032	HGNC	14950
C95035	HGNC	31564
C95037	HGNC	31592
C95042	HGNC	1071
C95046	HGNC	11918
C95049	HGNC	6553
C95053	HGNC	19199
C95063	HGNC	1862
C95066	HGNC	4609
C95069	HGNC	1116
C95112	HGNC	6079
C95116	HGNC	9508
C95119	HGNC	9509
C95247	HGNC	15987
C95250	HGNC	6700
C95253	HGNC	25941
C95257	HGNC	9407
C95260	HGNC	17293
C95263	HGNC	9408
C95266	HGNC	11391
C95269	HGNC	3700
C95273	HGNC	17356
C95277	HGNC	26148
C95282	HGNC	11812
C95287	HGNC	37212
C95295	HGNC	32594
C95298	HGNC	1779
C95301	HGNC	10776
C95304	HGNC	26038
C95307	HGNC	21394
C95314	HGNC	1455
C95411	HGNC	6697
C95413	HGNC	6698
C95417	HGNC	2891
C95420	HGNC	2893
C95424	HGNC	29484
C95434	HGNC	30171
C95439	HGNC	30064
C95447	HGNC	5273
C95450	HGNC	16062
C95454	HGNC	27301
C95457	HGNC	16259
C95462	HGNC	358
C95468	HGNC	8784
C95473	HGNC	6692
C95478	HGNC	18856
C95481	HGNC	23720
C95486	HGNC	18855
C95563	HGNC	16804
C95566	HGNC	6371
C95568	HGNC	12591
C95571	HGNC	11255
C95573	HGNC	8781
C95576	HGNC	2932
C95579	HGNC	2557
C95587	HGNC	24357
C95590	HGNC	14931
C95593	HGNC	1149
C95808	HGNC	2303
C95813	HGNC	18957
C95832	HGNC	31635
C95839	HGNC	6266
C95842	HGNC	12500
C95845	HGNC	29849
C95848	HGNC	7732
C95851	HGNC	18704
C95854	HGNC	621
C95857	HGNC	12470
C95860	HGNC	7900
C95863	HGNC	9570
C95866	HGNC	8647
C95869	HGNC	25883
C95873	HGNC	6666
C95882	HGNC	11749
C95926	HGNC	8957
C95930	HGNC	2665
C95933	HGNC	1689
C95995	HGNC	11547
C95998	HGNC	3343
C96002	HGNC	3114
C96005	HGNC	3115
C96008	HGNC	7982
C96011	HGNC	31782
C96014	HGNC	7067
C96017	HGNC	1876
C96020	HGNC	18123
C96023	HGNC	17635
C96028	HGNC	28349
C96031	HGNC	16262
C96035	HGNC	190
C96044	HGNC	7865
C96047	HGNC	15633
C96050	HGNC	11001
C96317	HGNC	24712
C96320	HGNC	13236
C96324	HGNC	16039
C96329	HGNC	3675
C96332	HGNC	30646
C96335	HGNC	12637
C96338	HGNC	430
C96342	HGNC	12767
C96355	HGNC	17278
C96359	HGNC	20604
C96368	HGNC	1144
C96375	HGNC	3280
C96378	HGNC	12033
C96381	HGNC	26430
C96384	HGNC	5960
C96387	HGNC	496
C96439	HGNC	9603
C96442	HGNC	120
C96445	HGNC	6445
C96449	HGNC	2770
C96452	HGNC	6187
C96455	HGNC	6412
C96458	HGNC	20412
C96461	HGNC	9235
C96900	HGNC	3612
C96909	HGNC	6153
C96913	HGNC	10658
C97196	HGNC	2338
C97200	HGNC	15607
C97204	HGNC	11203
C97207	HGNC	6358
C97210	HGNC	4883
C97215	HGNC	30046
C97218	HGNC	407
C97221	HGNC	18610
C97224	HGNC	20758
C97227	HGNC	9878
C97235	HGNC	14078
C97238	HGNC	29597
C97242	HGNC	20609
C97245	HGNC	1659
C97248	HGNC	14258
C97252	HGNC	14375
C97258	HGNC	13949
C97261	HGNC	11760
C97266	HGNC	30322
C97269	HGNC	4591
C97280	HGNC	675
C97285	HGNC	1874
C97288	HGNC	14687
C97291	HGNC	10381
C97294	HGNC	14959
C97297	HGNC	14334
C97318	HGNC	8632
C97321	HGNC	18318
C97324	HGNC	24921
C97367	HGNC	3570
C97370	HGNC	1493
C97373	HGNC	19437
C97376	HGNC	19721
C97379	HGNC	24054
C97382	HGNC	1585
C97385	HGNC	1777
C97388	HGNC	16997
C97391	HGNC	14539
C97395	HGNC	13221
C97398	HGNC	1104
C97401	HGNC	794
C97404	HGNC	28314
C97407	HGNC	1935
C97413	HGNC	2092
C97416	HGNC	2093
C97419	HGNC	1697
C97422	HGNC	1698
C97425	HGNC	1699
C97428	HGNC	1750
C97431	HGNC	14281
C97434	HGNC	15486
C97437	HGNC	14193
C97440	HGNC	15961
C97443	HGNC	1943
C97446	HGNC	1537
C97449	HGNC	2235
C97455	HGNC	19124
C97458	HGNC	2735
C97461	HGNC	2746
C97464	HGNC	50800
C97468	HGNC	3284
C97473	HGNC	3319
C97477	HGNC	3326
C97480	HGNC	3494
C97483	HGNC	18562
C97494	HGNC	23576
C97497	HGNC	5033
C97501	HGNC	17072
C97505	HGNC	17073
C97517	HGNC	23114
C97520	HGNC	16496
C97523	HGNC	4378
C97526	HGNC	15465
C97529	HGNC	16999
C97532	HGNC	30615
C97535	HGNC	13744
C97538	HGNC	4913
C97541	HGNC	17069
C97544	HGNC	4428
C97547	HGNC	17643
C97550	HGNC	3823
C97553	HGNC	4171
C97557	HGNC	4977
C97560	HGNC	4979
C97563	HGNC	4169
C97569	HGNC	5101
C97572	HGNC	5102
C97575	HGNC	5123
C97578	HGNC	5125
C97581	HGNC	5134
C97584	HGNC	5136
C97587	HGNC	5253
C97590	HGNC	5258
C97593	HGNC	18507
C97596	HGNC	9886
C97599	HGNC	11114
C97602	HGNC	6467
C97605	HGNC	6513
C97608	HGNC	6586
C97611	HGNC	6679
C97614	HGNC	15949
C97616	HGNC	29633
C97619	HGNC	7180
C97622	HGNC	7373
C97648	HGNC	7579
C97651	HGNC	7125
C97654	HGNC	7629
C97657	HGNC	8748
C97669	HGNC	14906
C97672	HGNC	6408
C97675	HGNC	6844
C97678	HGNC	7882
C97681	HGNC	8134
C97684	HGNC	15524
C97688	HGNC	8622
C97719	HGNC	15580
C97722	HGNC	8845
C97725	HGNC	9143
C97728	HGNC	9164
C97731	HGNC	9211
C97734	HGNC	8979
C97737	HGNC	14000
C97740	HGNC	9360
C97743	HGNC	9388
C97748	HGNC	6140
C97752	HGNC	17677
C97755	HGNC	14428
C97759	HGNC	9859
C97762	HGNC	10315
C97765	HGNC	30542
C97768	HGNC	19440
C97771	HGNC	26034
C97774	HGNC	10681
C97777	HGNC	10682
C97780	HGNC	10683
C97783	HGNC	15848
C97786	HGNC	10785
C97789	HGNC	10830
C97792	HGNC	8642
C97795	HGNC	19383
C97798	HGNC	19744
C97801	HGNC	11340
C97804	HGNC	15592
C97807	HGNC	11335
C97810	HGNC	11336
C97812	HGNC	22263
C97815	HGNC	11338
C97817	HGNC	16880
C97820	HGNC	16466
C97823	HGNC	11612
C97826	HGNC	11621
C97829	HGNC	11623
C97832	HGNC	13463
C97835	HGNC	11758
C97838	HGNC	13630
C97841	HGNC	22964
C97844	HGNC	11912
C97847	HGNC	11913
C97850	HGNC	12012
C97853	HGNC	12013
C97856	HGNC	12017
C97859	HGNC	16290
C97862	HGNC	12305
C97865	HGNC	21586
C97868	HGNC	18081
C97871	HGNC	12816
C97874	HGNC	12989
C97877	HGNC	13071
C97880	HGNC	15489
C97883	HGNC	11955
C97886	HGNC	24605
C97889	HGNC	13164
C97892	HGNC	1858
C97895	HGNC	8575
C97898	HGNC	7323
C97901	HGNC	8727
C97904	HGNC	50866
C97907	HGNC	11639
C97910	HGNC	368
C97913	HGNC	14214
C97922	HGNC	1634
C97931	HGNC	1713
C97934	HGNC	10702
C97958	HGNC	13765
C97969	HGNC	18015
C97973	HGNC	19391
C98000	HGNC	31675
C98003	HGNC	4819
C98006	HGNC	30418
C98009	HGNC	29277
C98013	HGNC	24432
C98018	HGNC	22219
C98021	HGNC	5525
C98024	HGNC	5855
C98027	HGNC	31104
C98031	HGNC	9142
C98036	HGNC	28428
C98043	HGNC	11208
C98048	HGNC	20944
C98051	HGNC	16443
C98056	HGNC	11873
C98059	HGNC	17994
C98062	HGNC	17927
C98065	HGNC	25931
C98068	HGNC	17805
C98070	HGNC	16389
C98076	HGNC	23098
C98080	HGNC	15678
C98088	HGNC	13520
C98091	HGNC	12590
C98094	HGNC	26817
C98097	HGNC	44654
C98100	HGNC	13532
C98103	HGNC	21734
C98106	HGNC	32406
C98112	HGNC	7174
C98115	HGNC	6344
C98118	HGNC	17004
C98121	HGNC	3650
C98125	HGNC	7076
C98128	HGNC	10500
C98144	HGNC	17810
C98147	HGNC	4585
C98156	HGNC	5046
C98159	HGNC	16656
C98162	HGNC	16276
C98165	HGNC	6000
C98168	HGNC	7230
C98171	HGNC	3091
C98174	HGNC	15468
C98177	HGNC	31588
C98180	HGNC	42394
C98185	HGNC	24716
C98195	HGNC	18222
C98198	HGNC	9215
C98201	HGNC	7762
C98204	HGNC	15925
C98211	HGNC	11957
C98285	HGNC	10768
C99182	HGNC	124
C99463	HGNC	17792
C99466	HGNC	21336
C99469	HGNC	24678
C99472	HGNC	18540
C99475	HGNC	8923
C99478	HGNC	11406
C99482	HGNC	11408
C99485	HGNC	12825
C99597	HGNC	29147
C99600	HGNC	3238
C99603	HGNC	18653
C99606	HGNC	10496
C99609	HGNC	10486
C99612	HGNC	23664
C99615	HGNC	4004
C99618	HGNC	11839
C99621	HGNC	26636
C99624	HGNC	13930
C99627	HGNC	26113
C99631	HGNC	17700
C99642	HGNC	15818
C99646	HGNC	13487
C99649	HGNC	5360
C99652	HGNC	11242
C99655	HGNC	2934
C99658	HGNC	4512
C99661	HGNC	2907
C99664	HGNC	9801
C99760	HGNC	17412
C99839	HGNC	38842
