EntrezGene,Symbol
861,RUNX1
7020,TFAP2A
196,AHR
367,AR
5079,PAX5
7025,NR2F1
1385,CREB1
1869,E2F1
4783,NFIL3
2019,EN1
2002,ELK1
2295,FOXF2
2297,FOXD1
9314,KLF4
94234,FOXQ1
27022,FOXD3
2299,FOXI1
3131,HLF
6927,HNF1A
3170,FOXA2
4807,NHLH1
3659,IRF1
3660,IRF2
4205,MEF2A
4149,MAX
4800,NFYA
2551,GABPA
5468,PPARG
5076,PAX2
5078,PAX4
5080,PAX6
5087,PBX1
6239,RREB1
7421,VDR
2005,ELK4
6662,SOX9
64321,SOX17
6667,SP1
6688,SPI1
6689,SPIB
6722,SRF
6660,SOX5
7702,ZNF143
7003,TEAD1
6929,TCF3
7391,USF1
4602,MYB
5966,REL
1050,CEBPA
6935,ZEB1
4613,MYCN
4790,NFKB1
7157,TP53
5970,RELA
6908,TBP
84654,SPZ1
2099,ESR1
2908,NR3C1
3172,HNF4A
7376,NR1H2
6256,RXRA
9935,MAFB
4782,NFIC
579,NKX3-2
4824,NKX3-1
8022,LHX3
2001,ELF5
6772,STAT1
5978,REST
10664,CTCF
2623,GATA1
6886,TAL1
2103,ESRRB
5460,POU5F1
6657,SOX2
6774,STAT3
7543,ZFX
4609,MYC
3169,FOXA1
4780,NFE2L2
4773,NFATC2
6928,HNF1B
1879,EBF1
3642,INSM1
54738,FEV
2309,FOXO3
4929,NR4A2
1958,EGR1
5324,PLAG1
10002,NR2E3
2100,ESR2
405,ARNT
23394,ADNP
22850,ADNP2
165,AEBP1
121536,AEBP2
4299,AFF1
2334,AFF2
3899,AFF3
27125,AFF4
25909,AHCTF1
57491,AHRR
326,AIRE
80709,AKNA
8092,ALX1
257,ALX3
60529,ALX4
55139,ANKZF1
503582,ARGFX
2909,ARHGAP35
8289,ARID1A
57492,ARID1B
196528,ARID2
1820,ARID3A
10620,ARID3B
5926,ARID4A
51742,ARID4B
10865,ARID5A
84159,ARID5B
9915,ARNT2
406,ARNTL
56938,ARNTL2
170302,ARX
429,ASCL1
430,ASCL2
55870,ASH1L
9070,ASH2L
466,ATF1
1386,ATF2
467,ATF3
468,ATF4
22809,ATF5
22926,ATF6
1388,ATF6B
11016,ATF7
474,ATOH1
220202,ATOH7
84913,ATOH8
546,ATRX
6314,ATXN7
571,BACH1
60468,BACH2
56751,BARHL1
343472,BARHL2
56033,BARX1
8538,BARX2
10538,BATF
116071,BATF2
55509,BATF3
56987,BBX
53335,BCL11A
64919,BCL11B
602,BCL3
604,BCL6
255877,BCL6B
9774,BCLAF1
168620,BHLHA15
80823,BHLHB9
27319,BHLHE22
128408,BHLHE23
8553,BHLHE40
79365,BHLHE41
650,BMP2
646,BNC1
54796,BNC2
51027,BOLA1
388962,BOLA3
2186,BPTF
672,BRCA1
390259,BSX
745,C11orf9
91748,C14orf43
25943,C20orf194
23261,CAMTA1
23125,CAMTA2
23589,CARHSP1
54897,CASZ1
865,CBFB
283847,CCDC79
988,CDC5L
1044,CDX1
1045,CDX2
1051,CEBPB
1052,CEBPD
1053,CEBPE
1054,CEBPG
10153,CEBPZ
80152,CENPT
204219,CERS3
253782,CERS6
283489,CHAMP1
23152,CIC
25792,CIZ1
9575,CLOCK
4850,CNOT4
57585,CRAMP1L
10488,CREB3
90993,CREB3L1
64764,CREB3L2
84699,CREB3L3
148327,CREB3L4
9586,CREB5
1387,CREBBP
1389,CREBL2
58487,CREBZF
1390,CREM
1406,CRX
8531,CSDA
64651,CSRNP1
81566,CSRNP2
80034,CSRNP3
140690,CTCFL
1523,CUX1
23316,CUX2
30827,CXXC1
1602,DACH1
117154,DACH2
1628,DBP
120237,DBX1
440097,DBX2
1643,DDB2
1649,DDIT3
10522,DEAF1
1745,DLX1
1746,DLX2
1747,DLX3
1748,DLX4
1749,DLX5
1750,DLX6
55929,DMAP1
127343,DMBX1
1761,DMRT1
10655,DMRT2
63951,DMRTA1
63950,DMRTA2
63948,DMRTB1
63946,DMRTC2
9988,DMTF1
64215,DNAJC1
27000,DNAJC2
134218,DNAJC21
1786,DNMT1
1788,DNMT3A
1789,DNMT3B
29947,DNMT3L
8193,DPF1
5977,DPF2
8110,DPF3
1810,DR1
10589,DRAP1
644168,DRGX
1870,E2F2
1871,E2F3
1874,E2F4
1875,E2F5
1876,E2F6
144455,E2F7
79733,E2F8
1877,E4F1
64641,EBF2
253738,EBF3
57593,EBF4
1959,EGR2
1960,EGR3
1961,EGR4
26298,EHF
1997,ELF1
1998,ELF2
1999,ELF3
2000,ELF4
2004,ELK3
2016,EMX1
2018,EMX2
2020,EN2
2023,ENO1
8320,EOMES
2034,EPAS1
2077,ERF
2078,ERG
2101,ESRRA
2104,ESRRG
80712,ESX1
2113,ETS1
2114,ETS2
2115,ETV1
2116,ETV2
2117,ETV3
440695,ETV3L
2118,ETV4
2119,ETV5
2120,ETV6
51513,ETV7
2128,EVX1
2145,EZH1
2146,EZH2
340069,FAM170A
222894,FERD3L
389549,FEZF1
55079,FEZF2
84922,FIZ1
2313,FLI1
2353,FOS
2354,FOSB
8061,FOSL1
2355,FOSL2
3171,FOXA3
27023,FOXB1
442425,FOXB2
2296,FOXC1
2303,FOXC2
2306,FOXD2
2304,FOXE1
2301,FOXE3
2294,FOXF1
2290,FOXG1
8928,FOXH1
399823,FOXI2
344167,FOXI3
2302,FOXJ1
55810,FOXJ2
22887,FOXJ3
221937,FOXK1
3607,FOXK2
2300,FOXL1
668,FOXL2
2305,FOXM1
8456,FOXN1
3344,FOXN2
1112,FOXN3
121643,FOXN4
2308,FOXO1
4303,FOXO4
100132074,FOXO6
27086,FOXP1
93986,FOXP2
50943,FOXP3
116113,FOXP4
283150,FOXR1
139628,FOXR2
2307,FOXS1
8880,FUBP1
8939,FUBP3
2553,GABPB1
126626,GABPB2
2624,GATA2
2625,GATA3
2626,GATA4
140628,GATA5
2627,GATA6
57798,GATAD1
54815,GATAD2A
57459,GATAD2B
2636,GBX1
2637,GBX2
94104,GCFC1
6936,GCFC2
8521,GCM1
9247,GCM2
2672,GFI1
8328,GFI1B
2735,GLI1
2736,GLI2
2737,GLI3
2738,GLI4
148979,GLIS1
84662,GLIS2
169792,GLIS3
10691,GMEB1
26205,GMEB2
54856,GON4L
29841,GRHL1
79977,GRHL2
57822,GRHL3
145258,GSC
219409,GSX1
170825,GSX2
2969,GTF2I
2971,GTF3A
64412,GZF1
9421,HAND1
9464,HAND2
26959,HBP1
139324,HDX
3280,HES1
54626,HES2
390992,HES3
57801,HES4
388585,HES5
55502,HES6
84667,HES7
8820,HESX1
23462,HEY1
23493,HEY2
26508,HEYL
3087,HHEX
3090,HIC1
23119,HIC2
3091,HIF1A
64344,HIF3A
25988,HINFP
3096,HIVEP1
3097,HIVEP2
59269,HIVEP3
284459,HKR1
6596,HLTF
3142,HLX
79618,HMBOX1
10363,HMG20A
10362,HMG20B
3159,HMGA1
8091,HMGA2
22993,HMGXB3
10042,HMGXB4
3166,HMX1
3167,HMX2
340784,HMX3
3174,HNF4G
57594,HOMEZ
84525,HOPX
3198,HOXA1
3206,HOXA10
3207,HOXA11
3209,HOXA13
3199,HOXA2
3200,HOXA3
3201,HOXA4
3202,HOXA5
3203,HOXA6
3204,HOXA7
3205,HOXA9
3211,HOXB1
10481,HOXB13
3212,HOXB2
3213,HOXB3
3214,HOXB4
3215,HOXB5
3216,HOXB6
3217,HOXB7
3218,HOXB8
3219,HOXB9
3226,HOXC10
3227,HOXC11
3228,HOXC12
3229,HOXC13
3221,HOXC4
3222,HOXC5
3223,HOXC6
3224,HOXC8
3225,HOXC9
3231,HOXD1
3236,HOXD10
3237,HOXD11
3238,HOXD12
3239,HOXD13
3232,HOXD3
3233,HOXD4
3234,HOXD8
3235,HOXD9
3297,HSF1
3298,HSF2
3299,HSF4
124535,HSF5
100506164,HSFX1
3397,ID1
3398,ID2
3399,ID3
3400,ID4
3428,IFI16
10320,IKZF1
22807,IKZF2
22806,IKZF3
64375,IKZF4
64376,IKZF5
84684,INSM2
3661,IRF3
3662,IRF4
3663,IRF5
3664,IRF6
3665,IRF7
3394,IRF8
10379,IRF9
79192,IRX1
153572,IRX2
79191,IRX3
50805,IRX4
10265,IRX5
79190,IRX6
3670,ISL1
64843,ISL2
91464,ISX
3720,JARID2
221895,JAZF1
122953,JDP2
3725,JUN
3726,JUNB
3727,JUND
10524,KAT5
7994,KAT6A
23522,KAT6B
11143,KAT7
84148,KAT8
56888,KCMF1
30818,KCNIP3
22992,KDM2A
5927,KDM5A
10765,KDM5B
8242,KDM5C
8284,KDM5D
8570,KHSRP
57670,KIAA1549
205717,KIAA2018
10661,KLF1
7071,KLF10
8462,KLF11
11278,KLF12
51621,KLF13
28999,KLF15
83855,KLF16
128209,KLF17
10365,KLF2
51274,KLF3
688,KLF5
1316,KLF6
8609,KLF7
11279,KLF8
687,KLF9
83746,L3MBTL2
84456,L3MBTL3
91133,L3MBTL4
10660,LBX1
85474,LBX2
84458,LCOR
254251,LCORL
51176,LEF1
3975,LHX1
9355,LHX2
89884,LHX4
64211,LHX5
26468,LHX6
431707,LHX8
56956,LHX9
4009,LMX1A
4010,LMX1B
9208,LRRFIP1
9209,LRRFIP2
55646,LYAR
4066,LYL1
84944,MAEL
4094,MAF
84232,MAF1
389692,MAFA
23764,MAFF
4097,MAFG
7975,MAFK
9782,MATR3
4150,MAZ
4152,MBD1
8932,MBD2
53615,MBD3
8930,MBD4
55777,MBD5
114785,MBD6
55796,MBNL3
2122,MECOM
4204,MECP2
100271849,MEF2B
4208,MEF2C
4209,MEF2D
4211,MEIS1
4212,MEIS2
56917,MEIS3
4213,MEIS3P1
257468,MEIS3P2
4222,MEOX1
4223,MEOX2
55897,MESP1
145873,MESP2
23269,MGA
57708,MIER1
54531,MIER2
166968,MIER3
55320,MIS18BP1
4286,MITF
83881,MIXL1
283078,MKX
4297,MLL
8085,MLL2
58508,MLL3
9757,MLL4
55904,MLL5
4298,MLLT1
8028,MLLT10
10962,MLLT11
4300,MLLT3
4301,MLLT4
4302,MLLT6
6945,MLX
22877,MLXIP
51085,MLXIPL
4335,MNT
3110,MNX1
9242,MSC
4487,MSX1
4488,MSX2
9112,MTA1
9219,MTA2
57504,MTA3
4520,MTF1
22823,MTF2
4084,MXD1
83463,MXD3
10608,MXD4
4601,MXI1
4603,MYBL1
4605,MYBL2
4610,MYCL1
4617,MYF5
4618,MYF6
55892,MYNN
4654,MYOD1
4656,MYOG
114803,MYSM1
4661,MYT1
23040,MYT1L
7593,MZF1
79923,NANOG
404635,NANOGP1
8648,NCOA1
10499,NCOA2
8202,NCOA3
8031,NCOA4
57727,NCOA5
23054,NCOA6
135112,NCOA7
9611,NCOR1
9612,NCOR2
4760,NEUROD1
4761,NEUROD2
58158,NEUROD4
63974,NEUROD6
4762,NEUROG1
63973,NEUROG2
50674,NEUROG3
10725,NFAT5
4772,NFATC1
4775,NFATC3
4776,NFATC4
4778,NFE2
4779,NFE2L1
9603,NFE2L3
4774,NFIA
4781,NFIB
4784,NFIX
4791,NFKB2
4792,NFKBIA
4793,NFKBIB
84807,NFKBID
4794,NFKBIE
4795,NFKBIL1
64332,NFKBIZ
4798,NFRKB
4799,NFX1
152518,NFXL1
4801,NFYB
4802,NFYC
4808,NHLH2
55922,NKRF
390010,NKX1-2
7080,NKX2-1
4821,NKX2-2
159296,NKX2-3
644524,NKX2-4
1482,NKX2-5
137814,NKX2-6
26257,NKX2-8
4825,NKX6-1
84504,NKX6-2
157848,NKX6-3
64318,NOC3L
79050,NOC4L
4841,NONO
4861,NPAS1
4862,NPAS2
64067,NPAS3
266743,NPAS4
190,NR0B1
8431,NR0B2
9572,NR1D1
9975,NR1D2
10062,NR1H3
9971,NR1H4
8856,NR1I2
9970,NR1I3
7181,NR2C1
7182,NR2C2
7101,NR2E1
7026,NR2F2
2063,NR2F6
4306,NR3C2
3164,NR4A1
8013,NR4A3
2516,NR5A1
2494,NR5A2
2649,NR6A1
4899,NRF1
4901,NRL
116448,OLIG1
10215,OLIG2
167826,OLIG3
3175,ONECUT1
9480,ONECUT2
390874,ONECUT3
130497,OSR1
116039,OSR2
5013,OTX1
5015,OTX2
5017,OVOL1
58495,OVOL2
142,PARP1
64761,PARP12
23598,PATZ1
5074,PAWR
5075,PAX1
5077,PAX3
5081,PAX7
7849,PAX8
5083,PAX9
55193,PBRM1
5089,PBX2
5090,PBX3
80714,PBX4
5093,PCBP1
5094,PCBP2
54039,PCBP3
57060,PCBP4
84108,PCGF6
3651,PDX1
5178,PEG3
5241,PGR
5245,PHB
11331,PHB2
51230,PHF20
84844,PHF5A
401,PHOX2A
8929,PHOX2B
10745,PHTF1
57157,PHTF2
5307,PITX1
5308,PITX2
5309,PITX3
5316,PKNOX1
63876,PKNOX2
5325,PLAGL1
5326,PLAGL2
5341,PLEK
23126,POGZ
5449,POU1F1
5450,POU2AF1
5451,POU2F1
5452,POU2F2
25833,POU2F3
5453,POU3F1
5454,POU3F2
5455,POU3F3
5456,POU3F4
5457,POU4F1
5458,POU4F2
5459,POU4F3
5462,POU5F1B
134187,POU5F2
5463,POU6F1
11281,POU6F2
5465,PPARA
5467,PPARD
10848,PPP1R13L
639,PRDM1
56980,PRDM10
56981,PRDM11
59336,PRDM13
63978,PRDM14
63977,PRDM15
63976,PRDM16
7799,PRDM2
11108,PRDM4
11107,PRDM5
93166,PRDM6
56978,PRDM8
10113,PREB
5612,PRKRIR
5629,PROX1
5396,PRRX1
51450,PRRX2
55269,PSPC1
256297,PTF1A
5813,PURA
5814,PURB
29942,PURG
5914,RARA
5915,RARB
5916,RARG
30062,RAX
84839,RAX2
57786,RBAK
55696,RBM22
3516,RBPJ
11317,RBPJL
149041,RC3H1
54542,RC3H2
23186,RCOR1
283248,RCOR2
55758,RCOR3
5971,RELB
473,RERE
5989,RFX1
5990,RFX2
5991,RFX3
5992,RFX4
5993,RFX5
222546,RFX6
64864,RFX7
731220,RFX8
8625,RFXANK
5994,RFXAP
158800,RHOXF1
6018,RLF
6095,RORA
6096,RORB
6097,RORC
862,RUNX1T1
860,RUNX2
864,RUNX3
6257,RXRB
6258,RXRG
6299,SALL1
6297,SALL2
27164,SALL3
57167,SALL4
6304,SATB1
23314,SATB2
49855,SCAPER
83482,SCRT1
85508,SCRT2
645832,SEBOX
26040,SETBP1
6421,SFPQ
6473,SHOX
6474,SHOX2
6492,SIM1
6493,SIM2
6495,SIX1
10736,SIX2
6496,SIX3
51804,SIX4
147912,SIX5
4990,SIX6
6497,SKI
6498,SKIL
390598,SKOR1
10463,SLC30A9
4086,SMAD1
4087,SMAD2
4088,SMAD3
4089,SMAD4
4090,SMAD5
4091,SMAD6
4092,SMAD7
4093,SMAD9
6594,SMARCA1
6595,SMARCA2
6597,SMARCA4
8467,SMARCA5
56916,SMARCAD1
50485,SMARCAL1
6598,SMARCB1
6599,SMARCC1
6601,SMARCC2
6602,SMARCD1
6603,SMARCD2
6604,SMARCD3
6605,SMARCE1
6615,SNAI1
6591,SNAI2
333929,SNAI3
6621,SNAPC4
402381,SOHLH1
54937,SOHLH2
6656,SOX1
6663,SOX10
6664,SOX11
6666,SOX12
9580,SOX13
8403,SOX14
6665,SOX15
54345,SOX18
11166,SOX21
6658,SOX3
11063,SOX30
6659,SOX4
55553,SOX6
83595,SOX7
30812,SOX8
6672,SP100
3431,SP110
11262,SP140
93349,SP140L
6668,SP2
6670,SP3
6671,SP4
389058,SP5
80320,SP6
121340,SP7
221833,SP8
100131390,SP9
25803,SPDEF
121599,SPIC
6720,SREBF1
6721,SREBF2
6749,SSRP1
9705,ST18
6773,STAT2
6775,STAT4
6776,STAT5A
6777,STAT5B
6778,STAT6
6871,TADA2A
93624,TADA2B
6872,TAF1
8887,TAX1BP1
30851,TAX1BP3
9519,TBPL1
10716,TBR1
6899,TBX1
6913,TBX15
9096,TBX18
9095,TBX19
6909,TBX2
57057,TBX20
30009,TBX21
50945,TBX22
6926,TBX3
9496,TBX4
6910,TBX5
6911,TBX6
6938,TCF12
6939,TCF15
6941,TCF19
6942,TCF20
6943,TCF21
150921,TCF23
100129654,TCF24
22980,TCF25
6925,TCF4
6932,TCF7
83439,TCF7L1
6934,TCF7L2
10732,TCFL5
8463,TEAD2
7005,TEAD3
7004,TEAD4
7008,TEF
7013,TERF1
7014,TERF2
80312,TET1
54790,TET2
200424,TET3
7019,TFAM
7021,TFAP2B
7022,TFAP2C
7023,TFAP4
51106,TFB1M
64216,TFB2M
7024,TFCP2
29842,TFCP2L1
7027,TFDP1
7029,TFDP2
51270,TFDP3
7030,TFE3
7942,TFEB
22797,TFEC
7050,TGIF1
60436,TGIF2
90316,TGIF2LX
55145,THAP1
56906,THAP10
57215,THAP11
83591,THAP2
90326,THAP3
51078,THAP4
168451,THAP5
152815,THAP6
80764,THAP7
199745,THAP8
79725,THAP9
7067,THRA
7068,THRB
3195,TLX1
3196,TLX2
30012,TLX3
114034,TOE1
4796,TONSL
10210,TOPORS
9760,TOX
84969,TOX2
27324,TOX3
9878,TOX4
8626,TP63
7161,TP73
348825,TPRXL
55809,TRERF1
7227,TRPS1
8848,TSC22D1
9819,TSC22D2
1831,TSC22D3
81628,TSC22D4
10194,TSHZ1
128553,TSHZ2
57616,TSHZ3
7270,TTF1
8458,TTF2
7275,TUB
7291,TWIST1
117581,TWIST2
7342,UBP1
7343,UBTF
340260,UNCX
85451,UNK
64718,UNKL
7392,USF2
8433,UTF1
11023,VAX1
25806,VAX2
27287,VENTX
7716,VEZF1
30813,VSX1
338917,VSX2
11169,WDHD1
7468,WHSC1
58525,WIZ
7490,WT1
7494,XBP1
4904,YBX1
51087,YBX2
55689,YEATS2
8089,YEATS4
7528,YY1
9189,ZBED1
79413,ZBED2
84327,ZBED3
9889,ZBED4
58486,ZBED5
81030,ZBP1
22890,ZBTB1
65986,ZBTB10
27107,ZBTB11
221527,ZBTB12
7704,ZBTB16
7709,ZBTB17
57621,ZBTB2
26137,ZBTB20
9278,ZBTB22
9841,ZBTB24
7597,ZBTB25
57684,ZBTB26
79842,ZBTB3
27033,ZBTB32
10009,ZBTB33
403341,ZBTB34
84614,ZBTB37
253461,ZBTB38
9880,ZBTB39
57659,ZBTB4
9923,ZBTB40
360023,ZBTB41
100128927,ZBTB42
23099,ZBTB43
29068,ZBTB44
84878,ZBTB45
140685,ZBTB46
92999,ZBTB47
3104,ZBTB48
166793,ZBTB49
9925,ZBTB5
10773,ZBTB6
51341,ZBTB7A
51043,ZBTB7B
201501,ZBTB7C
653121,ZBTB8A
728116,ZBTB8B
221504,ZBTB9
84872,ZC3H10
9877,ZC3H11A
80149,ZC3H12A
23091,ZC3H13
79882,ZC3H14
55854,ZC3H15
124245,ZC3H18
23144,ZC3H3
23211,ZC3H4
376940,ZC3H6
29066,ZC3H7A
23264,ZC3H7B
84524,ZC3H8
23318,ZCCHC11
79670,ZCCHC6
9839,ZEB2
57623,ZFAT
85446,ZFHX2
463,ZFHX3
79776,ZFHX4
162239,ZFP1
64397,ZFP106
7771,ZFP112
57677,ZFP14
7541,ZFP161
80108,ZFP2
124961,ZFP3
22835,ZFP30
677,ZFP36L1
678,ZFP36L2
7539,ZFP37
286128,ZFP41
132625,ZFP42
346171,ZFP57
643836,ZFP62
55734,ZFP64
284406,ZFP82
146198,ZFP90
80829,ZFP91
161882,ZFPM1
23414,ZFPM2
7544,ZFY
23503,ZFYVE26
100125288,ZGLP1
84619,ZGPAT
11244,ZHX1
22882,ZHX2
23051,ZHX3
7545,ZIC1
7546,ZIC2
7547,ZIC3
84107,ZIC4
85416,ZIC5
284307,ZIK1
23619,ZIM2
7586,ZKSCAN1
342357,ZKSCAN2
80317,ZKSCAN3
387032,ZKSCAN4
23660,ZKSCAN5
84460,ZMAT1
153527,ZMAT2
64393,ZMAT3
79698,ZMAT4
55954,ZMAT5
7556,ZNF10
163227,ZNF100
94039,ZNF101
51427,ZNF107
163071,ZNF114
51351,ZNF117
7559,ZNF12
7675,ZNF121
7678,ZNF124
7690,ZNF131
7691,ZNF132
7692,ZNF133
7693,ZNF134
7694,ZNF135
7695,ZNF136
7697,ZNF138
7561,ZNF14
7699,ZNF140
7700,ZNF141
7701,ZNF142
7705,ZNF146
7707,ZNF148
7710,ZNF154
7711,ZNF155
7712,ZNF157
7564,ZNF16
90338,ZNF160
7718,ZNF165
55888,ZNF167
169841,ZNF169
7565,ZNF17
7727,ZNF174
7728,ZNF175
7730,ZNF177
7566,ZNF18
7733,ZNF180
339318,ZNF181
7569,ZNF182
7738,ZNF184
7741,ZNF187
7743,ZNF189
7567,ZNF19
7745,ZNF192
7746,ZNF193
7748,ZNF195
10168,ZNF197
7549,ZNF2
7568,ZNF20
7752,ZNF200
7753,ZNF202
7755,ZNF205
7756,ZNF207
7757,ZNF208
10520,ZNF211
7988,ZNF212
7760,ZNF213
7761,ZNF214
7762,ZNF215
7764,ZNF217
51222,ZNF219
7570,ZNF22
7638,ZNF221
7673,ZNF222
7766,ZNF223
7767,ZNF224
7768,ZNF225
7769,ZNF226
7770,ZNF227
7772,ZNF229
7571,ZNF23
7773,ZNF230
7775,ZNF232
353355,ZNF233
10780,ZNF234
9310,ZNF235
7776,ZNF236
10472,ZNF238
8187,ZNF239
7572,ZNF24
57209,ZNF248
219749,ZNF25
58500,ZNF250
90987,ZNF251
56242,ZNF253
9534,ZNF254
10172,ZNF256
113835,ZNF257
7574,ZNF26
339324,ZNF260
10127,ZNF263
9422,ZNF264
10781,ZNF266
10308,ZNF267
10795,ZNF268
10778,ZNF271
10793,ZNF273
10782,ZNF274
10838,ZNF275
92822,ZNF276
11179,ZNF277
7576,ZNF28
129025,ZNF280A
140883,ZNF280B
55609,ZNF280C
54816,ZNF280D
23528,ZNF281
8427,ZNF282
284349,ZNF283
342909,ZNF284
26974,ZNF285
57336,ZNF287
23036,ZNF292
49854,ZNF295
162979,ZNF296
7551,ZNF3
90075,ZNF30
91975,ZNF300
55900,ZNF302
57343,ZNF304
282890,ZNF311
100131017,ZNF316
57693,ZNF317
24149,ZNF318
57567,ZNF319
7580,ZNF32
162967,ZNF320
399669,ZNF321P
79692,ZNF322
64288,ZNF323
25799,ZNF324
388569,ZNF324B
284695,ZNF326
79673,ZNF329
55422,ZNF331
84449,ZNF333
55713,ZNF334
63925,ZNF335
26152,ZNF337
7581,ZNF33A
7582,ZNF33B
80778,ZNF34
84905,ZNF341
79175,ZNF343
25850,ZNF345
23567,ZNF346
84671,ZNF347
7584,ZNF35
59348,ZNF350
6940,ZNF354A
117608,ZNF354B
30832,ZNF354C
140467,ZNF358
149076,ZNF362
22891,ZNF365
167465,ZNF366
195828,ZNF367
7587,ZNF37A
84911,ZNF382
163087,ZNF383
171017,ZNF384
25946,ZNF385A
151126,ZNF385B
201181,ZNF385C
79750,ZNF385D
346157,ZNF391
84124,ZNF394
55893,ZNF395
252884,ZNF396
84307,ZNF397
57541,ZNF398
55628,ZNF407
79797,ZNF408
7592,ZNF41
57862,ZNF410
84330,ZNF414
55786,ZNF415
55659,ZNF416
147687,ZNF417
147686,ZNF418
79744,ZNF419
147923,ZNF420
23090,ZNF423
155054,ZNF425
79088,ZNF426
126299,ZNF428
353088,ZNF429
7594,ZNF43
80264,ZNF430
170959,ZNF431
9668,ZNF432
163059,ZNF433
54925,ZNF434
80818,ZNF436
220929,ZNF438
90594,ZNF439
51710,ZNF44
126070,ZNF440
126068,ZNF441
79973,ZNF442
10224,ZNF443
55311,ZNF444
353274,ZNF445
55663,ZNF446
203523,ZNF449
7596,ZNF45
26036,ZNF451
285676,ZNF454
10794,ZNF460
92283,ZNF461
58499,ZNF462
168544,ZNF467
90333,ZNF468
84627,ZNF469
388566,ZNF470
57573,ZNF471
25888,ZNF473
133923,ZNF474
197407,ZNF48
147657,ZNF480
158399,ZNF483
83744,ZNF484
220992,ZNF485
90649,ZNF486
642819,ZNF487P
118738,ZNF488
57474,ZNF490
126069,ZNF491
57615,ZNF492
284443,ZNF493
84838,ZNF496
162968,ZNF497
221785,ZNF498
26048,ZNF500
115560,ZNF501
91392,ZNF502
84858,ZNF503
440515,ZNF506
22847,ZNF507
22869,ZNF510
118472,ZNF511
84450,ZNF512
57473,ZNF512B
130557,ZNF513
84874,ZNF514
9658,ZNF516
340385,ZNF517
9849,ZNF518A
85460,ZNF518B
162655,ZNF519
25925,ZNF521
147807,ZNF524
170958,ZNF525
116115,ZNF526
84503,ZNF527
84436,ZNF528
57711,ZNF529
348327,ZNF530
55205,ZNF532
147658,ZNF534
9745,ZNF536
163255,ZNF540
84215,ZNF541
147947,ZNF542
125919,ZNF543
27300,ZNF544
339327,ZNF546
284306,ZNF547
147694,ZNF548
256051,ZNF549
162972,ZNF550
90233,ZNF551
79818,ZNF552
115196,ZNF554
148254,ZNF555
80032,ZNF556
79230,ZNF557
148156,ZNF558
84527,ZNF559
147741,ZNF560
93134,ZNF561
54811,ZNF562
147837,ZNF563
163050,ZNF564
147929,ZNF565
84924,ZNF566
163081,ZNF567
374900,ZNF568
148266,ZNF569
126295,ZNF57
148268,ZNF570
51276,ZNF571
137209,ZNF572
126231,ZNF573
64763,ZNF574
284346,ZNF575
79177,ZNF576
84765,ZNF577
147660,ZNF578
163033,ZNF579
51157,ZNF580
51545,ZNF581
147948,ZNF582
147949,ZNF583
201514,ZNF584
199704,ZNF585A
92285,ZNF585B
54807,ZNF586
84914,ZNF587
51385,ZNF589
9640,ZNF592
51042,ZNF593
84622,ZNF594
152687,ZNF595
169270,ZNF596
146434,ZNF597
90850,ZNF598
148103,ZNF599
162966,ZNF600
100289635,ZNF605
80095,ZNF606
84775,ZNF607
57507,ZNF608
23060,ZNF609
162963,ZNF610
81856,ZNF611
79898,ZNF613
80110,ZNF614
284370,ZNF615
90317,ZNF616
114991,ZNF618
285267,ZNF619
253639,ZNF620
285268,ZNF621
90441,ZNF622
9831,ZNF623
57547,ZNF624
90589,ZNF625
199777,ZNF626
199692,ZNF627
89887,ZNF628
23361,ZNF629
51193,ZNF639
121274,ZNF641
339559,ZNF642
65243,ZNF643
84146,ZNF644
9726,ZNF646
65251,ZNF649
22834,ZNF652
115950,ZNF653
55279,ZNF654
79027,ZNF655
285349,ZNF660
389114,ZNF662
100130934,ZNF663
144348,ZNF664
79788,ZNF665
63934,ZNF667
79759,ZNF668
79862,ZNF669
7617,ZNF66P
93474,ZNF670
79891,ZNF671
79894,ZNF672
641339,ZNF674
171392,ZNF675
163223,ZNF676
342926,ZNF677
339500,ZNF678
340252,ZNF680
148213,ZNF681
91120,ZNF682
257101,ZNF683
127396,ZNF684
57592,ZNF687
146542,ZNF688
115509,ZNF689
7620,ZNF69
51058,ZNF691
55657,ZNF692
57116,ZNF695
79943,ZNF696
90874,ZNF697
374879,ZNF699
7553,ZNF7
7621,ZNF70
90592,ZNF700
55762,ZNF701
79986,ZNF702P
80139,ZNF703
619279,ZNF704
440077,ZNF705A
51123,ZNF706
286075,ZNF707
7562,ZNF708
163051,ZNF709
58491,ZNF71
374655,ZNF710
7552,ZNF711
349075,ZNF713
148206,ZNF714
441234,ZNF716
100131827,ZNF717
255403,ZNF718
124411,ZNF720
170960,ZNF721
440519,ZNF724P
100128853,ZNF725
730087,ZNF726
442319,ZNF727
100287226,ZNF729
100129543,ZNF730
654254,ZNF732
100129842,ZNF737
7625,ZNF74
283337,ZNF740
155061,ZNF746
65988,ZNF747
388567,ZNF749
79755,ZNF750
7627,ZNF75A
7626,ZNF75D
7629,ZNF76
388561,ZNF761
284390,ZNF763
92595,ZNF764
91661,ZNF765
90321,ZNF766
79724,ZNF768
58492,ZNF77
54989,ZNF770
51333,ZNF771
400720,ZNF772
374928,ZNF773
342132,ZNF774
285971,ZNF775
284309,ZNF776
27153,ZNF777
197320,ZNF778
284323,ZNF780A
163131,ZNF780B
163115,ZNF781
158431,ZNF782
100289678,ZNF783
147808,ZNF784
146540,ZNF785
136051,ZNF786
126208,ZNF787
388507,ZNF788
285989,ZNF789
7633,ZNF79
388536,ZNF790
163049,ZNF791
126375,ZNF792
390927,ZNF793
90576,ZNF799
7554,ZNF8
168850,ZNF800
91752,ZNF804A
219578,ZNF804B
390980,ZNF805
388558,ZNF808
347344,ZNF81
729648,ZNF812
126017,ZNF813
730051,ZNF814
125893,ZNF816
55565,ZNF821
55552,ZNF823
152485,ZNF827
374899,ZNF829
55769,ZNF83
91603,ZNF830
128611,ZNF831
401898,ZNF833P
90485,ZNF835
162962,ZNF836
116412,ZNF837
55778,ZNF839
7637,ZNF84
284371,ZNF841
283933,ZNF843
284391,ZNF844
91664,ZNF845
162993,ZNF846
7639,ZNF85
54753,ZNF853
344787,ZNF860
642280,ZNF876P
729747,ZNF878
345462,ZNF879
400713,ZNF880
440122,ZNF891
7643,ZNF90
7644,ZNF91
168374,ZNF92
81931,ZNF93
148198,ZNF98
7652,ZNF99
57169,ZNFX1
284312,ZSCAN1
84891,ZSCAN10
9753,ZSCAN12
80345,ZSCAN16
65982,ZSCAN18
54993,ZSCAN2
7579,ZSCAN20
7589,ZSCAN21
342945,ZSCAN22
222696,ZSCAN23
146050,ZSCAN29
100101467,ZSCAN30
79149,ZSCAN5A
221302,ZUFSP
7789,ZXDA
158586,ZXDB
79364,ZXDC
26009,ZZZ3
